2016/11/28 18:21:58.624,,,rȂ,ړȂ
2016/11/28 18:21:58.823,,,rȂ,ړȂ
2016/11/28 18:21:59.032,,,rȂ,ړȂ
2016/11/28 18:21:59.227,,,rȂ,ړȂ
2016/11/28 18:21:59.438,,,rȂ,ړȂ
2016/11/28 18:21:59.632,,,rȂ,ړȂ
2016/11/28 18:21:59.844,,,rȂ,ړȂ
2016/11/28 18:22:00.060,,,rȂ,ړȂ
2016/11/28 18:22:00.248,,,rȂ,ړȂ
2016/11/28 18:22:00.445,,,rȂ,ړȂ
2016/11/28 18:22:00.656,,,rȂ,ړȂ
2016/11/28 18:22:00.856,,,rȂ,ړȂ
2016/11/28 18:22:01.059,,,rȂ,ړȂ
2016/11/28 18:22:01.257,,,rȂ,ړȂ
2016/11/28 18:22:01.460,,,rȂ,ړȂ
2016/11/28 18:22:01.663,,,rȂ,ړȂ
2016/11/28 18:22:01.873,,,rȂ,ړȂ
2016/11/28 18:22:02.076,,,rȂ,ړȂ
2016/11/28 18:22:02.273,,,rȂ,ړȂ
2016/11/28 18:22:02.484,,,rȂ,ړȂ
2016/11/28 18:22:02.689,,,rȂ,ړȂ
2016/11/28 18:22:02.885,,,rȂ,ړȂ
2016/11/28 18:22:03.086,,,rȂ,ړȂ
2016/11/28 18:22:03.296,,,rȂ,ړȂ
2016/11/28 18:22:03.495,,,rȂ,ړȂ
2016/11/28 18:22:03.694,,,rȂ,ړȂ
2016/11/28 18:22:03.898,,,rȂ,ړȂ
2016/11/28 18:22:04.102,,,rȂ,ړȂ
2016/11/28 18:22:04.307,,,rȂ,ړȂ
2016/11/28 18:22:04.512,,,rȂ,ړȂ
2016/11/28 18:22:04.712,,,rȂ,ړȂ
2016/11/28 18:22:04.916,,,rȂ,ړȂ
2016/11/28 18:22:05.120,,,rȂ,ړȂ
2016/11/28 18:22:05.327,,,rȂ,ړȂ
2016/11/28 18:22:05.531,,,rȂ,ړȂ
2016/11/28 18:22:05.735,,,rȂ,ړȂ
2016/11/28 18:22:05.934,,,rȂ,ړȂ
2016/11/28 18:22:06.139,,,rȂ,ړȂ
2016/11/28 18:22:06.338,,,rȂ,ړȂ
2016/11/28 18:22:06.540,,,rȂ,ړȂ
2016/11/28 18:22:06.746,,,rȂ,ړȂ
2016/11/28 18:22:06.951,,,rȂ,ړȂ
2016/11/28 18:22:07.157,,,rȂ,ړȂ
2016/11/28 18:22:07.355,,,rȂ,ړȂ
2016/11/28 18:22:07.558,,,rȂ,ړȂ
2016/11/28 18:22:07.764,,,rȂ,ړȂ
2016/11/28 18:22:07.960,,,rȂ,ړȂ
2016/11/28 18:22:08.163,,,rȂ,ړȂ
2016/11/28 18:22:08.367,,,rȂ,ړȂ
2016/11/28 18:22:08.575,,,rȂ,ړȂ
2016/11/28 18:22:08.778,,,rȂ,ړȂ
2016/11/28 18:22:08.983,,,rȂ,ړȂ
2016/11/28 18:22:09.183,,,rȂ,ړȂ
2016/11/28 18:22:09.390,,,rȂ,ړȂ
2016/11/28 18:22:09.595,,,rȂ,ړȂ
2016/11/28 18:22:09.799,,,rȂ,ړȂ
2016/11/28 18:22:09.992,,,rȂ,ړȂ
2016/11/28 18:22:10.198,,,rȂ,ړȂ
2016/11/28 18:22:10.407,,,rȂ,ړȂ
2016/11/28 18:22:10.601,,,rȂ,ړȂ
2016/11/28 18:22:10.808,,,rȂ,ړȂ
2016/11/28 18:22:11.018,,,rȂ,ړȂ
2016/11/28 18:22:11.221,,,rȂ,ړȂ
2016/11/28 18:22:11.413,,,rȂ,ړȂ
2016/11/28 18:22:11.624,,,rȂ,ړȂ
2016/11/28 18:22:11.825,,,rȂ,ړȂ
2016/11/28 18:22:12.029,,,rȂ,ړȂ
2016/11/28 18:22:12.233,,,rȂ,ړȂ
2016/11/28 18:22:12.436,,,rȂ,ړȂ
2016/11/28 18:22:12.635,,,rȂ,ړȂ
2016/11/28 18:22:12.844,,,rȂ,ړȂ
2016/11/28 18:22:13.040,,,rȂ,ړȂ
2016/11/28 18:22:13.248,,,rȂ,ړȂ
2016/11/28 18:22:13.452,,,rȂ,ړȂ
2016/11/28 18:22:13.654,,,rȂ,ړȂ
2016/11/28 18:22:13.858,,,rȂ,ړȂ
2016/11/28 18:22:14.061,,,rȂ,ړȂ
2016/11/28 18:22:14.265,,,rȂ,ړȂ
2016/11/28 18:22:14.460,,,rȂ,ړȂ
2016/11/28 18:22:14.676,,,rȂ,ړȂ
2016/11/28 18:22:14.868,,,rȂ,ړȂ
2016/11/28 18:22:15.078,,,rȂ,ړȂ
2016/11/28 18:22:15.282,,,rȂ,ړȂ
2016/11/28 18:22:15.483,,,rȂ,ړȂ
2016/11/28 18:22:15.688,,,rȂ,ړȂ
2016/11/28 18:22:15.884,,,rȂ,ړȂ
2016/11/28 18:22:16.092,,,rȂ,ړȂ
2016/11/28 18:22:16.288,,,rȂ,ړȂ
2016/11/28 18:22:16.498,,,rȂ,ړȂ
2016/11/28 18:22:16.702,,,rȂ,ړȂ
2016/11/28 18:22:16.907,,,rȂ,ړȂ
2016/11/28 18:22:17.108,,,rȂ,ړȂ
2016/11/28 18:22:17.308,,,rȂ,ړȂ
2016/11/28 18:22:17.514,,,rȂ,ړȂ
2016/11/28 18:22:17.717,,,rȂ,ړȂ
2016/11/28 18:22:17.923,,,rȂ,ړȂ
2016/11/28 18:22:18.124,,,rȂ,ړȂ
2016/11/28 18:22:18.319,,,rȂ,ړȂ
2016/11/28 18:22:18.529,,,rȂ,ړȂ
2016/11/28 18:22:18.730,,,rȂ,ړȂ
2016/11/28 18:22:18.935,,,rȂ,ړȂ
2016/11/28 18:22:19.141,,,rȂ,ړȂ
2016/11/28 18:22:19.341,,,rȂ,ړȂ
2016/11/28 18:22:19.546,,,rȂ,ړȂ
2016/11/28 18:22:19.749,,,rȂ,ړȂ
2016/11/28 18:22:19.949,,,rȂ,ړȂ
2016/11/28 18:22:20.148,,,rȂ,ړȂ
2016/11/28 18:22:20.358,,,rȂ,ړȂ
2016/11/28 18:22:20.555,,,rȂ,ړȂ
2016/11/28 18:22:20.768,,,rȂ,ړȂ
2016/11/28 18:22:20.962,,,rȂ,ړȂ
2016/11/28 18:22:21.165,,,rȂ,ړȂ
2016/11/28 18:22:21.377,,,rȂ,ړȂ
2016/11/28 18:22:21.571,,,rȂ,ړȂ
2016/11/28 18:22:21.782,,,rȂ,ړȂ
2016/11/28 18:22:21.982,,,rȂ,ړȂ
2016/11/28 18:22:22.179,,,rȂ,ړȂ
2016/11/28 18:22:22.383,,,rȂ,ړȂ
2016/11/28 18:22:22.588,,,rȂ,ړȂ
2016/11/28 18:22:22.795,,,rȂ,ړȂ
2016/11/28 18:22:22.994,,,rȂ,ړȂ
2016/11/28 18:22:23.202,,,rȂ,ړȂ
2016/11/28 18:22:23.403,,,rȂ,ړȂ
2016/11/28 18:22:23.602,,,rȂ,ړȂ
2016/11/28 18:22:23.812,,,rȂ,ړȂ
2016/11/28 18:22:24.014,,,rȂ,ړȂ
2016/11/28 18:22:24.219,,,rȂ,ړȂ
2016/11/28 18:22:24.418,,,rȂ,ړȂ
2016/11/28 18:22:24.625,,,rȂ,ړȂ
2016/11/28 18:22:24.821,,,rȂ,ړȂ
2016/11/28 18:22:25.030,,,rȂ,ړȂ
2016/11/28 18:22:25.233,,,rȂ,ړȂ
2016/11/28 18:22:25.438,,,rȂ,ړȂ
2016/11/28 18:22:25.632,,,rȂ,ړȂ
2016/11/28 18:22:25.839,,,rȂ,ړȂ
2016/11/28 18:22:26.048,,,rȂ,ړȂ
2016/11/28 18:22:26.248,,,rȂ,ړȂ
2016/11/28 18:22:26.446,,,rȂ,ړȂ
2016/11/28 18:22:26.654,,,rȂ,ړȂ
2016/11/28 18:22:26.858,,,rȂ,ړȂ
2016/11/28 18:22:27.063,,,rȂ,ړȂ
2016/11/28 18:22:27.260,,,rȂ,ړȂ
2016/11/28 18:22:27.470,,,rȂ,ړȂ
2016/11/28 18:22:27.666,,,rȂ,ړȂ
2016/11/28 18:22:27.874,,,rȂ,ړȂ
2016/11/28 18:22:28.069,,,rȂ,ړȂ
2016/11/28 18:22:28.273,,,rȂ,ړȂ
2016/11/28 18:22:28.482,,,rȂ,ړȂ
2016/11/28 18:22:28.685,,,rȂ,ړȂ
2016/11/28 18:22:28.889,,,rȂ,ړȂ
2016/11/28 18:22:29.087,,,rȂ,ړȂ
2016/11/28 18:22:29.294,,,rȂ,ړȂ
2016/11/28 18:22:29.501,,,rȂ,ړȂ
2016/11/28 18:22:29.698,,,rȂ,ړȂ
2016/11/28 18:22:29.906,,,rȂ,ړȂ
2016/11/28 18:22:30.106,,,rȂ,ړȂ
2016/11/28 18:22:30.311,,,rȂ,ړȂ
2016/11/28 18:22:30.516,,,rȂ,ړȂ
2016/11/28 18:22:30.719,,,rȂ,ړȂ
2016/11/28 18:22:30.914,,,rȂ,ړȂ
2016/11/28 18:22:31.125,,,rȂ,ړȂ
2016/11/28 18:22:31.324,,,rȂ,ړȂ
2016/11/28 18:22:31.522,,,rȂ,ړȂ
2016/11/28 18:22:31.731,,,rȂ,ړȂ
2016/11/28 18:22:31.937,,,rȂ,ړȂ
2016/11/28 18:22:32.134,,,rȂ,ړȂ
2016/11/28 18:22:32.335,,,rȂ,ړȂ
2016/11/28 18:22:32.545,,,rȂ,ړȂ
2016/11/28 18:22:32.748,,,rȂ,ړȂ
2016/11/28 18:22:32.950,,,rȂ,ړȂ
2016/11/28 18:22:33.155,,,rȂ,ړȂ
2016/11/28 18:22:33.351,,,rȂ,ړȂ
2016/11/28 18:22:33.559,,,rȂ,ړȂ
2016/11/28 18:22:33.763,,,rȂ,ړȂ
2016/11/28 18:22:33.971,,,rȂ,ړȂ
2016/11/28 18:22:34.170,,,rȂ,ړȂ
2016/11/28 18:22:34.369,,,rȂ,ړȂ
2016/11/28 18:22:34.570,,,rȂ,ړȂ
2016/11/28 18:22:34.779,,,rȂ,ړȂ
2016/11/28 18:22:34.983,,,rȂ,ړȂ
2016/11/28 18:22:35.186,,,rȂ,ړȂ
2016/11/28 18:22:35.391,,,rȂ,ړȂ
2016/11/28 18:22:35.585,,,rȂ,ړȂ
2016/11/28 18:22:35.794,,,rȂ,ړȂ
2016/11/28 18:22:35.991,,,rȂ,ړȂ
2016/11/28 18:22:36.195,,,rȂ,ړȂ
2016/11/28 18:22:36.406,,,rȂ,ړȂ
2016/11/28 18:22:36.607,,,rȂ,ړȂ
2016/11/28 18:22:36.810,,,rȂ,ړȂ
2016/11/28 18:22:37.017,,,rȂ,ړȂ
2016/11/28 18:22:37.215,,,rȂ,ړȂ
2016/11/28 18:22:37.421,,,rȂ,ړȂ
2016/11/28 18:22:37.627,,,rȂ,ړȂ
2016/11/28 18:22:37.829,,,rȂ,ړȂ
2016/11/28 18:22:38.030,,,rȂ,ړȂ
2016/11/28 18:22:38.234,,,rȂ,ړȂ
2016/11/28 18:22:38.435,,,rȂ,ړȂ
2016/11/28 18:22:38.638,,,rȂ,ړȂ
2016/11/28 18:22:38.843,,,rȂ,ړȂ
2016/11/28 18:22:39.049,,,rȂ,ړȂ
2016/11/28 18:22:39.243,,,rȂ,ړȂ
2016/11/28 18:22:39.453,,,rȂ,ړȂ
2016/11/28 18:22:39.653,,,rȂ,ړȂ
2016/11/28 18:22:39.859,,,rȂ,ړȂ
2016/11/28 18:22:40.056,,,rȂ,ړȂ
2016/11/28 18:22:40.266,,,rȂ,ړȂ
2016/11/28 18:22:40.470,,,rȂ,ړȂ
2016/11/28 18:22:40.674,,,rȂ,ړȂ
2016/11/28 18:22:40.876,,,rȂ,ړȂ
2016/11/28 18:22:41.077,,,rȂ,ړȂ
2016/11/28 18:22:41.273,,,rȂ,ړȂ
2016/11/28 18:22:41.480,,,rȂ,ړȂ
2016/11/28 18:22:41.684,,,rȂ,ړȂ
2016/11/28 18:22:41.883,,,rȂ,ړȂ
2016/11/28 18:22:42.093,,,rȂ,ړȂ
2016/11/28 18:22:42.298,,,rȂ,ړȂ
2016/11/28 18:22:42.499,,,rȂ,ړȂ
2016/11/28 18:22:42.702,,,rȂ,ړȂ
2016/11/28 18:22:42.898,,,rȂ,ړȂ
2016/11/28 18:22:43.109,,,rȂ,ړȂ
2016/11/28 18:22:43.312,,,rȂ,ړȂ
2016/11/28 18:22:43.516,,,rȂ,ړȂ
2016/11/28 18:22:43.719,,,rȂ,ړȂ
2016/11/28 18:22:43.925,,,rȂ,ړȂ
2016/11/28 18:22:44.123,,,rȂ,ړȂ
2016/11/28 18:22:44.324,,,rȂ,ړȂ
2016/11/28 18:22:44.529,,,rȂ,ړȂ
2016/11/28 18:22:44.733,,,rȂ,ړȂ
2016/11/28 18:22:44.936,,,rȂ,ړȂ
2016/11/28 18:22:45.141,,,rȂ,ړȂ
2016/11/28 18:22:45.344,,,rȂ,ړȂ
2016/11/28 18:22:45.549,,,rȂ,ړȂ
2016/11/28 18:22:45.745,,,rȂ,ړȂ
2016/11/28 18:22:45.951,,,rȂ,ړȂ
2016/11/28 18:22:46.156,,,rȂ,ړȂ
2016/11/28 18:22:46.358,,,rȂ,ړȂ
2016/11/28 18:22:46.560,,,rȂ,ړȂ
2016/11/28 18:22:46.765,,,rȂ,ړȂ
2016/11/28 18:22:46.969,,,rȂ,ړȂ
2016/11/28 18:22:47.168,,,rȂ,ړȂ
2016/11/28 18:22:47.375,,,rȂ,ړȂ
2016/11/28 18:22:47.576,,,rȂ,ړȂ
2016/11/28 18:22:47.777,,,rȂ,ړȂ
2016/11/28 18:22:47.983,,,rȂ,ړȂ
2016/11/28 18:22:48.187,,,rȂ,ړȂ
2016/11/28 18:22:48.386,,,rȂ,ړȂ
2016/11/28 18:22:48.590,,,rȂ,ړȂ
2016/11/28 18:22:48.796,,,rȂ,ړȂ
2016/11/28 18:22:49.001,,,rȂ,ړȂ
2016/11/28 18:22:49.203,,,rȂ,ړȂ
2016/11/28 18:22:49.407,,,rȂ,ړȂ
2016/11/28 18:22:49.606,,,rȂ,ړȂ
2016/11/28 18:22:49.812,,,rȂ,ړȂ
2016/11/28 18:22:50.010,,,rȂ,ړȂ
2016/11/28 18:22:50.219,,,rȂ,ړȂ
2016/11/28 18:22:50.425,,,rȂ,ړȂ
2016/11/28 18:22:50.622,,,rȂ,ړȂ
2016/11/28 18:22:50.826,,,rȂ,ړȂ
2016/11/28 18:22:51.029,,,rȂ,ړȂ
2016/11/28 18:22:51.232,,,rȂ,ړȂ
2016/11/28 18:22:51.429,,,rȂ,ړȂ
2016/11/28 18:22:51.641,,,rȂ,ړȂ
2016/11/28 18:22:51.845,,,rȂ,ړȂ
2016/11/28 18:22:52.048,,,rȂ,ړȂ
2016/11/28 18:22:52.241,,,rȂ,ړȂ
2016/11/28 18:22:52.447,,,rȂ,ړȂ
2016/11/28 18:22:52.656,,,rȂ,ړȂ
2016/11/28 18:22:52.852,,,rȂ,ړȂ
2016/11/28 18:22:53.054,,,rȂ,ړȂ
2016/11/28 18:22:53.264,,,rȂ,ړȂ
2016/11/28 18:22:53.460,,,rȂ,ړȂ
2016/11/28 18:22:53.672,,,rȂ,ړȂ
2016/11/28 18:22:53.871,,,rȂ,ړȂ
2016/11/28 18:22:54.070,,,rȂ,ړȂ
2016/11/28 18:22:54.275,,,rȂ,ړȂ
2016/11/28 18:22:54.485,,,rȂ,ړȂ
2016/11/28 18:22:54.687,,,rȂ,ړȂ
2016/11/28 18:22:54.893,,,rȂ,ړȂ
2016/11/28 18:22:55.091,,,rȂ,ړȂ
2016/11/28 18:22:55.291,,,rȂ,ړȂ
2016/11/28 18:22:55.497,,,rȂ,ړȂ
2016/11/28 18:22:55.698,,,rȂ,ړȂ
2016/11/28 18:22:55.907,,,rȂ,ړȂ
2016/11/28 18:22:56.101,,,rȂ,ړȂ
2016/11/28 18:22:56.304,,,rȂ,ړȂ
2016/11/28 18:22:56.516,,,rȂ,ړȂ
2016/11/28 18:22:56.719,,,rȂ,ړȂ
2016/11/28 18:22:56.915,,,rȂ,ړȂ
2016/11/28 18:22:57.116,,,rȂ,ړȂ
2016/11/28 18:22:57.323,,,rȂ,ړȂ
2016/11/28 18:22:57.524,,,rȂ,ړȂ
2016/11/28 18:22:57.733,,,rȂ,ړȂ
2016/11/28 18:22:57.936,,,rȂ,ړȂ
2016/11/28 18:22:58.143,,,rȂ,ړȂ
2016/11/28 18:22:58.345,,,rȂ,ړȂ
2016/11/28 18:22:58.539,,,rȂ,ړȂ
2016/11/28 18:22:58.749,,,rȂ,ړȂ
2016/11/28 18:22:58.951,,,rȂ,ړȂ
2016/11/28 18:22:59.149,,,rȂ,ړȂ
2016/11/28 18:22:59.358,,,rȂ,ړȂ
2016/11/28 18:22:59.554,,,rȂ,ړȂ
2016/11/28 18:22:59.757,,,rȂ,ړȂ
2016/11/28 18:22:59.965,,,rȂ,ړȂ
2016/11/28 18:23:00.170,,,rȂ,ړȂ
2016/11/28 18:23:00.368,,,rȂ,ړȂ
2016/11/28 18:23:00.578,,,rȂ,ړȂ
2016/11/28 18:23:00.773,,,rȂ,ړȂ
2016/11/28 18:23:00.983,,,rȂ,ړȂ
2016/11/28 18:23:01.186,,,rȂ,ړȂ
2016/11/28 18:23:01.385,,,rȂ,ړȂ
2016/11/28 18:23:01.589,,,rȂ,ړȂ
2016/11/28 18:23:01.795,,,rȂ,ړȂ
2016/11/28 18:23:02.000,,,rȂ,ړȂ
2016/11/28 18:23:02.203,,,rȂ,ړȂ
2016/11/28 18:23:02.405,,,rȂ,ړȂ
2016/11/28 18:23:02.609,,,rȂ,ړȂ
2016/11/28 18:23:02.808,,,rȂ,ړȂ
2016/11/28 18:23:03.016,,,rȂ,ړȂ
2016/11/28 18:23:03.221,,,rȂ,ړȂ
2016/11/28 18:23:03.423,,,rȂ,ړȂ
2016/11/28 18:23:03.616,,,rȂ,ړȂ
2016/11/28 18:23:03.820,,,rȂ,ړȂ
2016/11/28 18:23:04.028,,,rȂ,ړȂ
2016/11/28 18:23:04.230,,,rȂ,ړȂ
2016/11/28 18:23:04.438,,,rȂ,ړȂ
2016/11/28 18:23:04.639,,,rȂ,ړȂ
2016/11/28 18:23:04.845,,,rȂ,ړȂ
2016/11/28 18:23:05.039,,,rȂ,ړȂ
2016/11/28 18:23:05.249,,,rȂ,ړȂ
2016/11/28 18:23:05.451,,,rȂ,ړȂ
2016/11/28 18:23:05.648,,,rȂ,ړȂ
2016/11/28 18:23:05.851,,,rȂ,ړȂ
2016/11/28 18:23:06.062,,,rȂ,ړȂ
2016/11/28 18:23:06.266,,,rȂ,ړȂ
2016/11/28 18:23:06.467,,,rȂ,ړȂ
2016/11/28 18:23:06.670,,,rȂ,ړȂ
2016/11/28 18:23:06.875,,,rȂ,ړȂ
2016/11/28 18:23:07.075,,,rȂ,ړȂ
2016/11/28 18:23:07.279,,,rȂ,ړȂ
2016/11/28 18:23:07.478,,,rȂ,ړȂ
2016/11/28 18:23:07.688,,,rȂ,ړȂ
2016/11/28 18:23:07.891,,,rȂ,ړȂ
2016/11/28 18:23:08.085,,,rȂ,ړȂ
2016/11/28 18:23:08.297,,,rȂ,ړȂ
2016/11/28 18:23:08.495,,,rȂ,ړȂ
2016/11/28 18:23:08.701,,,rȂ,ړȂ
2016/11/28 18:23:08.903,,,rȂ,ړȂ
2016/11/28 18:23:09.109,,,rȂ,ړȂ
2016/11/28 18:23:09.304,,,rȂ,ړȂ
2016/11/28 18:23:09.517,,,rȂ,ړȂ
2016/11/28 18:23:09.718,,,rȂ,ړȂ
2016/11/28 18:23:09.918,,,rȂ,ړȂ
2016/11/28 18:23:10.123,,,rȂ,ړȂ
2016/11/28 18:23:10.328,,,rȂ,ړȂ
2016/11/28 18:23:10.530,,,rȂ,ړȂ
2016/11/28 18:23:10.735,,,rȂ,ړȂ
2016/11/28 18:23:10.929,,,rȂ,ړȂ
2016/11/28 18:23:11.134,,,rȂ,ړȂ
2016/11/28 18:23:11.338,,,rȂ,ړȂ
2016/11/28 18:23:11.539,,,rȂ,ړȂ
2016/11/28 18:23:11.751,,,rȂ,ړȂ
2016/11/28 18:23:11.953,,,rȂ,ړȂ
2016/11/28 18:23:12.148,,,rȂ,ړȂ
2016/11/28 18:23:12.358,,,rȂ,ړȂ
2016/11/28 18:23:12.562,,,rȂ,ړȂ
2016/11/28 18:23:12.759,,,rȂ,ړȂ
2016/11/28 18:23:12.969,,,rȂ,ړȂ
2016/11/28 18:23:13.174,,,rȂ,ړȂ
2016/11/28 18:23:13.375,,,rȂ,ړȂ
2016/11/28 18:23:13.570,,,rȂ,ړȂ
2016/11/28 18:23:13.773,,,rȂ,ړȂ
2016/11/28 18:23:13.983,,,rȂ,ړȂ
2016/11/28 18:23:14.179,,,rȂ,ړȂ
2016/11/28 18:23:14.391,,,rȂ,ړȂ
2016/11/28 18:23:14.591,,,rȂ,ړȂ
2016/11/28 18:23:14.797,,,rȂ,ړȂ
2016/11/28 18:23:15.003,,,rȂ,ړȂ
2016/11/28 18:23:15.197,,,rȂ,ړȂ
2016/11/28 18:23:15.398,,,rȂ,ړȂ
2016/11/28 18:23:15.606,,,rȂ,ړȂ
2016/11/28 18:23:15.812,,,rȂ,ړȂ
2016/11/28 18:23:16.015,,,rȂ,ړȂ
2016/11/28 18:23:16.212,,,rȂ,ړȂ
2016/11/28 18:23:16.421,,,rȂ,ړȂ
2016/11/28 18:23:16.625,,,rȂ,ړȂ
2016/11/28 18:23:16.829,,,rȂ,ړȂ
2016/11/28 18:23:17.025,,,rȂ,ړȂ
2016/11/28 18:23:17.233,,,rȂ,ړȂ
2016/11/28 18:23:17.435,,,rȂ,ړȂ
2016/11/28 18:23:17.642,,,rȂ,ړȂ
2016/11/28 18:23:17.845,,,rȂ,ړȂ
2016/11/28 18:23:18.040,,,rȂ,ړȂ
2016/11/28 18:23:18.252,,,rȂ,ړȂ
2016/11/28 18:23:18.445,,,rȂ,ړȂ
2016/11/28 18:23:18.657,,,rȂ,ړȂ
2016/11/28 18:23:18.852,,,rȂ,ړȂ
2016/11/28 18:23:19.054,,,rȂ,ړȂ
2016/11/28 18:23:19.263,,,rȂ,ړȂ
2016/11/28 18:23:19.461,,,rȂ,ړȂ
2016/11/28 18:23:19.673,,,rȂ,ړȂ
2016/11/28 18:23:19.870,,,rȂ,ړȂ
2016/11/28 18:23:20.077,,,rȂ,ړȂ
2016/11/28 18:23:20.276,,,rȂ,ړȂ
2016/11/28 18:23:20.483,,,rȂ,ړȂ
2016/11/28 18:23:20.689,,,rȂ,ړȂ
2016/11/28 18:23:20.889,,,rȂ,ړȂ
2016/11/28 18:23:21.086,,,rȂ,ړȂ
2016/11/28 18:23:21.290,,,rȂ,ړȂ
2016/11/28 18:23:21.491,,,rȂ,ړȂ
2016/11/28 18:23:21.701,,,rȂ,ړȂ
2016/11/28 18:23:21.907,,,rȂ,ړȂ
2016/11/28 18:23:22.101,,,rȂ,ړȂ
2016/11/28 18:23:22.310,,,rȂ,ړȂ
2016/11/28 18:23:22.516,,,rȂ,ړȂ
2016/11/28 18:23:22.715,,,rȂ,ړȂ
2016/11/28 18:23:22.923,,,rȂ,ړȂ
2016/11/28 18:23:23.126,,,rȂ,ړȂ
2016/11/28 18:23:23.320,,,rȂ,ړȂ
2016/11/28 18:23:23.522,,,rȂ,ړȂ
2016/11/28 18:23:23.734,,,rȂ,ړȂ
2016/11/28 18:23:23.937,,,rȂ,ړȂ
2016/11/28 18:23:24.133,,,rȂ,ړȂ
2016/11/28 18:23:24.346,,,rȂ,ړȂ
2016/11/28 18:23:24.540,,,rȂ,ړȂ
2016/11/28 18:23:24.749,,,rȂ,ړȂ
2016/11/28 18:23:24.952,,,rȂ,ړȂ
2016/11/28 18:23:25.155,,,rȂ,ړȂ
2016/11/28 18:23:25.358,,,rȂ,ړȂ
2016/11/28 18:23:25.560,,,rȂ,ړȂ
2016/11/28 18:23:25.758,,,rȂ,ړȂ
2016/11/28 18:23:25.971,,,rȂ,ړȂ
2016/11/28 18:23:26.167,,,rȂ,ړȂ
2016/11/28 18:23:26.369,,,rȂ,ړȂ
2016/11/28 18:23:26.578,,,rȂ,ړȂ
2016/11/28 18:23:26.782,,,rȂ,ړȂ
2016/11/28 18:23:26.976,,,rȂ,ړȂ
2016/11/28 18:23:27.184,,,rȂ,ړȂ
2016/11/28 18:23:27.390,,,rȂ,ړȂ
2016/11/28 18:23:27.586,,,rȂ,ړȂ
2016/11/28 18:23:27.796,,,rȂ,ړȂ
2016/11/28 18:23:27.999,,,rȂ,ړȂ
2016/11/28 18:23:28.196,,,rȂ,ړȂ
2016/11/28 18:23:28.402,,,rȂ,ړȂ
2016/11/28 18:23:28.604,,,rȂ,ړȂ
2016/11/28 18:23:28.808,,,rȂ,ړȂ
2016/11/28 18:23:29.008,,,rȂ,ړȂ
2016/11/28 18:23:29.215,,,rȂ,ړȂ
2016/11/28 18:23:29.421,,,rȂ,ړȂ
2016/11/28 18:23:29.618,,,rȂ,ړȂ
2016/11/28 18:23:29.820,,,rȂ,ړȂ
2016/11/28 18:23:30.029,,,rȂ,ړȂ
2016/11/28 18:23:30.227,,,rȂ,ړȂ
2016/11/28 18:23:30.430,,,rȂ,ړȂ
2016/11/28 18:23:30.636,,,rȂ,ړȂ
2016/11/28 18:23:30.846,,,rȂ,ړȂ
2016/11/28 18:23:31.045,,,rȂ,ړȂ
2016/11/28 18:23:31.243,,,rȂ,ړȂ
2016/11/28 18:23:31.449,,,rȂ,ړȂ
2016/11/28 18:23:31.650,,,rȂ,ړȂ
2016/11/28 18:23:31.861,,,rȂ,ړȂ
2016/11/28 18:23:32.059,,,rȂ,ړȂ
2016/11/28 18:23:32.266,,,rȂ,ړȂ
2016/11/28 18:23:32.462,,,rȂ,ړȂ
2016/11/28 18:23:32.663,,,rȂ,ړȂ
2016/11/28 18:23:32.874,,,rȂ,ړȂ
2016/11/28 18:23:33.070,,,rȂ,ړȂ
2016/11/28 18:23:33.278,,,rȂ,ړȂ
2016/11/28 18:23:33.476,,,rȂ,ړȂ
2016/11/28 18:23:33.687,,,rȂ,ړȂ
2016/11/28 18:23:33.888,,,rȂ,ړȂ
2016/11/28 18:23:34.089,,,rȂ,ړȂ
2016/11/28 18:23:34.291,,,rȂ,ړȂ
2016/11/28 18:23:34.501,,,rȂ,ړȂ
2016/11/28 18:23:34.696,,,rȂ,ړȂ
2016/11/28 18:23:34.906,,,rȂ,ړȂ
2016/11/28 18:23:35.108,,,rȂ,ړȂ
2016/11/28 18:23:35.312,,,rȂ,ړȂ
2016/11/28 18:23:35.513,,,rȂ,ړȂ
2016/11/28 18:23:35.711,,,rȂ,ړȂ
2016/11/28 18:23:35.915,,,rȂ,ړȂ
2016/11/28 18:23:36.124,,,rȂ,ړȂ
2016/11/28 18:23:36.329,,,rȂ,ړȂ
2016/11/28 18:23:36.531,,,rȂ,ړȂ
2016/11/28 18:23:36.732,,,rȂ,ړȂ
2016/11/28 18:23:36.929,,,rȂ,ړȂ
2016/11/28 18:23:37.142,,,rȂ,ړȂ
2016/11/28 18:23:37.345,,,rȂ,ړȂ
2016/11/28 18:23:37.540,,,rȂ,ړȂ
2016/11/28 18:23:37.748,,,rȂ,ړȂ
2016/11/28 18:23:37.950,,,rȂ,ړȂ
2016/11/28 18:23:38.148,,,rȂ,ړȂ
2016/11/28 18:23:38.352,,,rȂ,ړȂ
2016/11/28 18:23:38.554,,,rȂ,ړȂ
2016/11/28 18:23:38.765,,,rȂ,ړȂ
2016/11/28 18:23:38.962,,,rȂ,ړȂ
2016/11/28 18:23:39.163,,,rȂ,ړȂ
2016/11/28 18:23:39.377,,,rȂ,ړȂ
2016/11/28 18:23:39.574,,,rȂ,ړȂ
2016/11/28 18:23:39.773,,,rȂ,ړȂ
2016/11/28 18:23:39.977,,,rȂ,ړȂ
2016/11/28 18:23:40.189,,,rȂ,ړȂ
2016/11/28 18:23:40.388,,,rȂ,ړȂ
2016/11/28 18:23:40.586,,,rȂ,ړȂ
2016/11/28 18:23:40.793,,,rȂ,ړȂ
2016/11/28 18:23:41.001,,,rȂ,ړȂ
2016/11/28 18:23:41.199,,,rȂ,ړȂ
2016/11/28 18:23:41.399,,,rȂ,ړȂ
2016/11/28 18:23:41.603,,,rȂ,ړȂ
2016/11/28 18:23:41.808,,,rȂ,ړȂ
2016/11/28 18:23:42.008,,,rȂ,ړȂ
2016/11/28 18:23:42.217,,,rȂ,ړȂ
2016/11/28 18:23:42.424,,,rȂ,ړȂ
2016/11/28 18:23:42.617,,,rȂ,ړȂ
2016/11/28 18:23:42.828,,,rȂ,ړȂ
2016/11/28 18:23:43.031,,,rȂ,ړȂ
2016/11/28 18:23:43.232,,,rȂ,ړȂ
2016/11/28 18:23:43.435,,,rȂ,ړȂ
2016/11/28 18:23:43.641,,,rȂ,ړȂ
2016/11/28 18:23:43.845,,,rȂ,ړȂ
2016/11/28 18:23:44.038,,,rȂ,ړȂ
2016/11/28 18:23:44.241,,,rȂ,ړȂ
2016/11/28 18:23:44.454,,,rȂ,ړȂ
2016/11/28 18:23:44.655,,,rȂ,ړȂ
2016/11/28 18:23:44.858,,,rȂ,ړȂ
2016/11/28 18:23:45.060,,,rȂ,ړȂ
2016/11/28 18:23:45.265,,,rȂ,ړȂ
2016/11/28 18:23:45.460,,,rȂ,ړȂ
2016/11/28 18:23:45.665,,,rȂ,ړȂ
2016/11/28 18:23:45.873,,,rȂ,ړȂ
2016/11/28 18:23:46.075,,,rȂ,ړȂ
2016/11/28 18:23:46.278,,,rȂ,ړȂ
2016/11/28 18:23:46.482,,,rȂ,ړȂ
2016/11/28 18:23:46.679,,,rȂ,ړȂ
2016/11/28 18:23:46.889,,,rȂ,ړȂ
2016/11/28 18:23:47.085,,,rȂ,ړȂ
2016/11/28 18:23:47.299,,,rȂ,ړȂ
2016/11/28 18:23:47.502,,,rȂ,ړȂ
2016/11/28 18:23:47.700,,,rȂ,ړȂ
2016/11/28 18:23:47.899,,,rȂ,ړȂ
2016/11/28 18:23:48.105,,,rȂ,ړȂ
2016/11/28 18:23:48.320,,,rȂ,ړȂ
2016/11/28 18:23:48.516,,,rȂ,ړȂ
2016/11/28 18:23:48.719,,,rȂ,ړȂ
2016/11/28 18:23:48.914,,,rȂ,ړȂ
2016/11/28 18:23:49.117,,,rȂ,ړȂ
2016/11/28 18:23:49.326,,,rȂ,ړȂ
2016/11/28 18:23:49.528,,,rȂ,ړȂ
2016/11/28 18:23:49.727,,,rȂ,ړȂ
2016/11/28 18:23:49.934,,,rȂ,ړȂ
2016/11/28 18:23:50.138,,,rȂ,ړȂ
2016/11/28 18:23:50.336,,,rȂ,ړȂ
2016/11/28 18:23:50.549,,,rȂ,ړȂ
2016/11/28 18:23:50.743,,,rȂ,ړȂ
2016/11/28 18:23:50.953,,,rȂ,ړȂ
2016/11/28 18:23:51.152,,,rȂ,ړȂ
2016/11/28 18:23:51.358,,,rȂ,ړȂ
2016/11/28 18:23:51.562,,,rȂ,ړȂ
2016/11/28 18:23:51.757,,,rȂ,ړȂ
2016/11/28 18:23:51.961,,,rȂ,ړȂ
2016/11/28 18:23:52.172,,,rȂ,ړȂ
2016/11/28 18:23:52.366,,,rȂ,ړȂ
2016/11/28 18:23:52.570,,,rȂ,ړȂ
2016/11/28 18:23:52.780,,,rȂ,ړȂ
2016/11/28 18:23:52.984,,,rȂ,ړȂ
2016/11/28 18:23:53.188,,,rȂ,ړȂ
2016/11/28 18:23:53.382,,,rȂ,ړȂ
2016/11/28 18:23:53.591,,,rȂ,ړȂ
2016/11/28 18:23:53.798,,,rȂ,ړȂ
2016/11/28 18:23:53.997,,,rȂ,ړȂ
2016/11/28 18:23:54.200,,,rȂ,ړȂ
2016/11/28 18:23:54.403,,,rȂ,ړȂ
2016/11/28 18:23:54.602,,,rȂ,ړȂ
2016/11/28 18:23:54.809,,,rȂ,ړȂ
2016/11/28 18:23:55.015,,,rȂ,ړȂ
2016/11/28 18:23:55.218,,,rȂ,ړȂ
2016/11/28 18:23:55.415,,,rȂ,ړȂ
2016/11/28 18:23:55.627,,,rȂ,ړȂ
2016/11/28 18:23:55.827,,,rȂ,ړȂ
2016/11/28 18:23:56.024,,,rȂ,ړȂ
2016/11/28 18:23:56.233,,,rȂ,ړȂ
2016/11/28 18:23:56.429,,,rȂ,ړȂ
2016/11/28 18:23:56.639,,,rȂ,ړȂ
2016/11/28 18:23:56.841,,,rȂ,ړȂ
2016/11/28 18:23:57.046,,,rȂ,ړȂ
2016/11/28 18:23:57.250,,,rȂ,ړȂ
2016/11/28 18:23:57.447,,,rȂ,ړȂ
2016/11/28 18:23:57.653,,,rȂ,ړȂ
2016/11/28 18:23:57.854,,,rȂ,ړȂ
2016/11/28 18:23:58.060,,,rȂ,ړȂ
2016/11/28 18:23:58.261,,,rȂ,ړȂ
2016/11/28 18:23:58.468,,,rȂ,ړȂ
2016/11/28 18:23:58.670,,,rȂ,ړȂ
2016/11/28 18:23:58.876,,,rȂ,ړȂ
2016/11/28 18:23:59.070,,,rȂ,ړȂ
2016/11/28 18:23:59.282,,,rȂ,ړȂ
2016/11/28 18:23:59.482,,,rȂ,ړȂ
2016/11/28 18:23:59.681,,,rȂ,ړȂ
2016/11/28 18:23:59.883,,,rȂ,ړȂ
2016/11/28 18:24:00.096,,,rȂ,ړȂ
2016/11/28 18:24:00.289,,,rȂ,ړȂ
2016/11/28 18:24:00.492,,,rȂ,ړȂ
2016/11/28 18:24:00.705,,,rȂ,ړȂ
2016/11/28 18:24:00.903,,,rȂ,ړȂ
2016/11/28 18:24:01.104,,,rȂ,ړȂ
2016/11/28 18:24:01.310,,,rȂ,ړȂ
2016/11/28 18:24:01.507,,,rȂ,ړȂ
2016/11/28 18:24:01.713,,,rȂ,ړȂ
2016/11/28 18:24:01.916,,,rȂ,ړȂ
2016/11/28 18:24:02.119,,,rȂ,ړȂ
2016/11/28 18:24:02.319,,,rȂ,ړȂ
2016/11/28 18:24:02.523,,,rȂ,ړȂ
2016/11/28 18:24:02.727,,,rȂ,ړȂ
2016/11/28 18:24:02.929,,,rȂ,ړȂ
2016/11/28 18:24:03.135,,,rȂ,ړȂ
2016/11/28 18:24:03.344,,,rȂ,ړȂ
2016/11/28 18:24:03.540,,,rȂ,ړȂ
2016/11/28 18:24:03.749,,,rȂ,ړȂ
2016/11/28 18:24:03.945,,,rȂ,ړȂ
2016/11/28 18:24:04.148,,,rȂ,ړȂ
2016/11/28 18:24:04.366,,,rȂ,ړȂ
2016/11/28 18:24:04.559,,,rȂ,ړȂ
2016/11/28 18:24:04.757,,,rȂ,ړȂ
2016/11/28 18:24:04.969,,,rȂ,ړȂ
2016/11/28 18:24:05.170,,,rȂ,ړȂ
2016/11/28 18:24:05.369,,,rȂ,ړȂ
2016/11/28 18:24:05.579,,,rȂ,ړȂ
2016/11/28 18:24:05.773,,,rȂ,ړȂ
2016/11/28 18:24:05.978,,,rȂ,ړȂ
2016/11/28 18:24:06.188,,,rȂ,ړȂ
2016/11/28 18:24:06.394,,,rȂ,ړȂ
2016/11/28 18:24:06.593,,,rȂ,ړȂ
2016/11/28 18:24:06.788,,,rȂ,ړȂ
2016/11/28 18:24:06.991,,,rȂ,ړȂ
2016/11/28 18:24:07.200,,,rȂ,ړȂ
2016/11/28 18:24:07.403,,,rȂ,ړȂ
2016/11/28 18:24:07.608,,,rȂ,ړȂ
2016/11/28 18:24:07.812,,,rȂ,ړȂ
2016/11/28 18:24:08.016,,,rȂ,ړȂ
2016/11/28 18:24:08.210,,,rȂ,ړȂ
2016/11/28 18:24:08.425,,,rȂ,ړȂ
2016/11/28 18:24:08.627,,,rȂ,ړȂ
2016/11/28 18:24:08.826,,,rȂ,ړȂ
2016/11/28 18:24:09.031,,,rȂ,ړȂ
2016/11/28 18:24:09.231,,,rȂ,ړȂ
2016/11/28 18:24:09.436,,,rȂ,ړȂ
2016/11/28 18:24:09.637,,,rȂ,ړȂ
2016/11/28 18:24:09.844,,,rȂ,ړȂ
2016/11/28 18:24:10.047,,,rȂ,ړȂ
2016/11/28 18:24:10.241,,,rȂ,ړȂ
2016/11/28 18:24:10.453,,,rȂ,ړȂ
2016/11/28 18:24:10.650,,,rȂ,ړȂ
2016/11/28 18:24:10.859,,,rȂ,ړȂ
2016/11/28 18:24:11.054,,,rȂ,ړȂ
2016/11/28 18:24:11.260,,,rȂ,ړȂ
2016/11/28 18:24:11.471,,,rȂ,ړȂ
2016/11/28 18:24:11.669,,,rȂ,ړȂ
2016/11/28 18:24:11.873,,,rȂ,ړȂ
2016/11/28 18:24:12.072,,,rȂ,ړȂ
2016/11/28 18:24:12.278,,,rȂ,ړȂ
2016/11/28 18:24:12.481,,,rȂ,ړȂ
2016/11/28 18:24:12.687,,,rȂ,ړȂ
2016/11/28 18:24:12.889,,,rȂ,ړȂ
2016/11/28 18:24:13.093,,,rȂ,ړȂ
2016/11/28 18:24:13.297,,,rȂ,ړȂ
2016/11/28 18:24:13.499,,,rȂ,ړȂ
2016/11/28 18:24:13.701,,,rȂ,ړȂ
2016/11/28 18:24:13.904,,,rȂ,ړȂ
2016/11/28 18:24:14.108,,,rȂ,ړȂ
2016/11/28 18:24:14.304,,,rȂ,ړȂ
2016/11/28 18:24:14.509,,,rȂ,ړȂ
2016/11/28 18:24:14.710,,,rȂ,ړȂ
2016/11/28 18:24:14.923,,,rȂ,ړȂ
2016/11/28 18:24:15.125,,,rȂ,ړȂ
2016/11/28 18:24:15.320,,,rȂ,ړȂ
2016/11/28 18:24:15.527,,,rȂ,ړȂ
2016/11/28 18:24:15.735,,,rȂ,ړȂ
2016/11/28 18:24:15.933,,,rȂ,ړȂ
2016/11/28 18:24:16.138,,,rȂ,ړȂ
2016/11/28 18:24:16.336,,,rȂ,ړȂ
2016/11/28 18:24:16.546,,,rȂ,ړȂ
2016/11/28 18:24:16.742,,,rȂ,ړȂ
2016/11/28 18:24:16.950,,,rȂ,ړȂ
2016/11/28 18:24:17.153,,,rȂ,ړȂ
2016/11/28 18:24:17.360,,,rȂ,ړȂ
2016/11/28 18:24:17.563,,,rȂ,ړȂ
2016/11/28 18:24:17.763,,,rȂ,ړȂ
2016/11/28 18:24:17.961,,,rȂ,ړȂ
2016/11/28 18:24:18.170,,,rȂ,ړȂ
2016/11/28 18:24:18.374,,,rȂ,ړȂ
2016/11/28 18:24:18.577,,,rȂ,ړȂ
2016/11/28 18:24:18.780,,,rȂ,ړȂ
2016/11/28 18:24:18.984,,,rȂ,ړȂ
2016/11/28 18:24:19.180,,,rȂ,ړȂ
2016/11/28 18:24:19.389,,,rȂ,ړȂ
2016/11/28 18:24:19.588,,,rȂ,ړȂ
2016/11/28 18:24:19.799,,,rȂ,ړȂ
2016/11/28 18:24:19.991,,,rȂ,ړȂ
2016/11/28 18:24:20.201,,,rȂ,ړȂ
2016/11/28 18:24:20.403,,,rȂ,ړȂ
2016/11/28 18:24:20.606,,,rȂ,ړȂ
2016/11/28 18:24:20.810,,,rȂ,ړȂ
2016/11/28 18:24:21.007,,,rȂ,ړȂ
2016/11/28 18:24:21.220,,,rȂ,ړȂ
2016/11/28 18:24:21.423,,,rȂ,ړȂ
2016/11/28 18:24:21.617,,,rȂ,ړȂ
2016/11/28 18:24:21.827,,,rȂ,ړȂ
2016/11/28 18:24:22.028,,,rȂ,ړȂ
2016/11/28 18:24:22.235,,,rȂ,ړȂ
2016/11/28 18:24:22.432,,,rȂ,ړȂ
2016/11/28 18:24:22.639,,,rȂ,ړȂ
2016/11/28 18:24:22.839,,,rȂ,ړȂ
2016/11/28 18:24:23.044,,,rȂ,ړȂ
2016/11/28 18:24:23.250,,,rȂ,ړȂ
2016/11/28 18:24:23.448,,,rȂ,ړȂ
2016/11/28 18:24:23.657,,,rȂ,ړȂ
2016/11/28 18:24:23.852,,,rȂ,ړȂ
2016/11/28 18:24:24.060,,,rȂ,ړȂ
2016/11/28 18:24:24.257,,,rȂ,ړȂ
2016/11/28 18:24:24.469,,,rȂ,ړȂ
2016/11/28 18:24:24.664,,,rȂ,ړȂ
2016/11/28 18:24:24.877,,,rȂ,ړȂ
2016/11/28 18:24:25.079,,,rȂ,ړȂ
2016/11/28 18:24:25.278,,,rȂ,ړȂ
2016/11/28 18:24:25.484,,,rȂ,ړȂ
2016/11/28 18:24:25.687,,,rȂ,ړȂ
2016/11/28 18:24:25.888,,,rȂ,ړȂ
2016/11/28 18:24:26.096,,,rȂ,ړȂ
2016/11/28 18:24:26.292,,,rȂ,ړȂ
2016/11/28 18:24:26.498,,,rȂ,ړȂ
2016/11/28 18:24:26.700,,,rȂ,ړȂ
2016/11/28 18:24:26.901,,,rȂ,ړȂ
2016/11/28 18:24:27.109,,,rȂ,ړȂ
2016/11/28 18:24:27.312,,,rȂ,ړȂ
2016/11/28 18:24:27.515,,,rȂ,ړȂ
2016/11/28 18:24:27.711,,,rȂ,ړȂ
2016/11/28 18:24:27.921,,,rȂ,ړȂ
2016/11/28 18:24:28.118,,,rȂ,ړȂ
2016/11/28 18:24:28.319,,,rȂ,ړȂ
2016/11/28 18:24:28.529,,,rȂ,ړȂ
2016/11/28 18:24:28.736,,,rȂ,ړȂ
2016/11/28 18:24:28.964,,,rȂ,ړȂ
2016/11/28 18:24:29.134,,,rȂ,ړȂ
2016/11/28 18:24:29.345,,,rȂ,ړȂ
2016/11/28 18:24:29.539,,,rȂ,ړȂ
2016/11/28 18:24:29.745,,,rȂ,ړȂ
2016/11/28 18:24:29.954,,,rȂ,ړȂ
2016/11/28 18:24:30.149,,,rȂ,ړȂ
2016/11/28 18:24:30.356,,,rȂ,ړȂ
2016/11/28 18:24:30.555,,,rȂ,ړȂ
2016/11/28 18:24:30.758,,,rȂ,ړȂ
2016/11/28 18:24:30.965,,,rȂ,ړȂ
2016/11/28 18:24:31.173,,,rȂ,ړȂ
2016/11/28 18:24:31.373,,,rȂ,ړȂ
2016/11/28 18:24:31.578,,,rȂ,ړȂ
2016/11/28 18:24:31.780,,,rȂ,ړȂ
2016/11/28 18:24:31.985,,,rȂ,ړȂ
2016/11/28 18:24:32.186,,,rȂ,ړȂ
2016/11/28 18:24:32.386,,,rȂ,ړȂ
2016/11/28 18:24:32.593,,,rȂ,ړȂ
2016/11/28 18:24:32.800,,,rȂ,ړȂ
2016/11/28 18:24:33.001,,,rȂ,ړȂ
2016/11/28 18:24:33.195,,,rȂ,ړȂ
2016/11/28 18:24:33.405,,,rȂ,ړȂ
2016/11/28 18:24:33.606,,,rȂ,ړȂ
2016/11/28 18:24:33.804,,,rȂ,ړȂ
2016/11/28 18:24:34.015,,,rȂ,ړȂ
2016/11/28 18:24:34.218,,,rȂ,ړȂ
2016/11/28 18:24:34.422,,,rȂ,ړȂ
2016/11/28 18:24:34.626,,,rȂ,ړȂ
2016/11/28 18:24:34.820,,,rȂ,ړȂ
2016/11/28 18:24:35.028,,,rȂ,ړȂ
2016/11/28 18:24:35.228,,,rȂ,ړȂ
2016/11/28 18:24:35.437,,,rȂ,ړȂ
2016/11/28 18:24:35.643,,,rȂ,ړȂ
2016/11/28 18:24:35.845,,,rȂ,ړȂ
2016/11/28 18:24:36.040,,,rȂ,ړȂ
2016/11/28 18:24:36.249,,,rȂ,ړȂ
2016/11/28 18:24:36.452,,,rȂ,ړȂ
2016/11/28 18:24:36.648,,,rȂ,ړȂ
2016/11/28 18:24:36.858,,,rȂ,ړȂ
2016/11/28 18:24:37.062,,,rȂ,ړȂ
2016/11/28 18:24:37.268,,,rȂ,ړȂ
2016/11/28 18:24:37.469,,,rȂ,ړȂ
2016/11/28 18:24:37.673,,,rȂ,ړȂ
2016/11/28 18:24:37.867,,,rȂ,ړȂ
2016/11/28 18:24:38.070,,,rȂ,ړȂ
2016/11/28 18:24:38.273,,,rȂ,ړȂ
2016/11/28 18:24:38.483,,,rȂ,ړȂ
2016/11/28 18:24:38.687,,,rȂ,ړȂ
2016/11/28 18:24:38.890,,,rȂ,ړȂ
2016/11/28 18:24:39.094,,,rȂ,ړȂ
2016/11/28 18:24:39.288,,,rȂ,ړȂ
2016/11/28 18:24:39.491,,,rȂ,ړȂ
2016/11/28 18:24:39.703,,,rȂ,ړȂ
2016/11/28 18:24:39.904,,,rȂ,ړȂ
2016/11/28 18:24:40.108,,,rȂ,ړȂ
2016/11/28 18:24:40.310,,,rȂ,ړȂ
2016/11/28 18:24:40.515,,,rȂ,ړȂ
2016/11/28 18:24:40.711,,,rȂ,ړȂ
2016/11/28 18:24:40.916,,,rȂ,ړȂ
2016/11/28 18:24:41.118,,,rȂ,ړȂ
2016/11/28 18:24:41.319,,,rȂ,ړȂ
2016/11/28 18:24:41.529,,,rȂ,ړȂ
2016/11/28 18:24:41.731,,,rȂ,ړȂ
2016/11/28 18:24:41.937,,,rȂ,ړȂ
2016/11/28 18:24:42.140,,,rȂ,ړȂ
2016/11/28 18:24:42.338,,,rȂ,ړȂ
2016/11/28 18:24:42.545,,,rȂ,ړȂ
2016/11/28 18:24:42.751,,,rȂ,ړȂ
2016/11/28 18:24:42.954,,,rȂ,ړȂ
2016/11/28 18:24:43.157,,,rȂ,ړȂ
2016/11/28 18:24:43.359,,,rȂ,ړȂ
2016/11/28 18:24:43.560,,,rȂ,ړȂ
2016/11/28 18:24:43.759,,,rȂ,ړȂ
2016/11/28 18:24:43.968,,,rȂ,ړȂ
2016/11/28 18:24:44.173,,,rȂ,ړȂ
2016/11/28 18:24:44.377,,,rȂ,ړȂ
2016/11/28 18:24:44.575,,,rȂ,ړȂ
2016/11/28 18:24:44.779,,,rȂ,ړȂ
2016/11/28 18:24:44.982,,,rȂ,ړȂ
2016/11/28 18:24:45.180,,,rȂ,ړȂ
2016/11/28 18:24:45.390,,,rȂ,ړȂ
2016/11/28 18:24:45.585,,,rȂ,ړȂ
2016/11/28 18:24:45.789,,,rȂ,ړȂ
2016/11/28 18:24:45.999,,,rȂ,ړȂ
2016/11/28 18:24:46.201,,,rȂ,ړȂ
2016/11/28 18:24:46.403,,,rȂ,ړȂ
2016/11/28 18:24:46.603,,,rȂ,ړȂ
2016/11/28 18:24:46.809,,,rȂ,ړȂ
2016/11/28 18:24:47.007,,,rȂ,ړȂ
2016/11/28 18:24:47.210,,,rȂ,ړȂ
2016/11/28 18:24:47.422,,,rȂ,ړȂ
2016/11/28 18:24:47.625,,,rȂ,ړȂ
2016/11/28 18:24:47.827,,,rȂ,ړȂ
2016/11/28 18:24:48.029,,,rȂ,ړȂ
2016/11/28 18:24:48.235,,,rȂ,ړȂ
2016/11/28 18:24:48.437,,,rȂ,ړȂ
2016/11/28 18:24:48.641,,,rȂ,ړȂ
2016/11/28 18:24:48.845,,,rȂ,ړȂ
2016/11/28 18:24:49.039,,,rȂ,ړȂ
2016/11/28 18:24:49.248,,,rȂ,ړȂ
2016/11/28 18:24:49.450,,,rȂ,ړȂ
2016/11/28 18:24:49.656,,,rȂ,ړȂ
2016/11/28 18:24:49.859,,,rȂ,ړȂ
2016/11/28 18:24:50.063,,,rȂ,ړȂ
2016/11/28 18:24:50.264,,,rȂ,ړȂ
2016/11/28 18:24:50.467,,,rȂ,ړȂ
2016/11/28 18:24:50.673,,,rȂ,ړȂ
2016/11/28 18:24:50.873,,,rȂ,ړȂ
2016/11/28 18:24:51.070,,,rȂ,ړȂ
2016/11/28 18:24:51.283,,,rȂ,ړȂ
2016/11/28 18:24:51.477,,,rȂ,ړȂ
2016/11/28 18:24:51.688,,,rȂ,ړȂ
2016/11/28 18:24:51.882,,,rȂ,ړȂ
2016/11/28 18:24:52.085,,,rȂ,ړȂ
2016/11/28 18:24:52.291,,,rȂ,ړȂ
2016/11/28 18:24:52.499,,,rȂ,ړȂ
2016/11/28 18:24:52.704,,,rȂ,ړȂ
2016/11/28 18:24:52.907,,,rȂ,ړȂ
2016/11/28 18:24:53.107,,,rȂ,ړȂ
2016/11/28 18:24:53.313,,,rȂ,ړȂ
2016/11/28 18:24:53.517,,,rȂ,ړȂ
2016/11/28 18:24:53.713,,,rȂ,ړȂ
2016/11/28 18:24:53.920,,,rȂ,ړȂ
2016/11/28 18:24:54.126,,,rȂ,ړȂ
2016/11/28 18:24:54.325,,,rȂ,ړȂ
2016/11/28 18:24:54.530,,,rȂ,ړȂ
2016/11/28 18:24:54.733,,,rȂ,ړȂ
2016/11/28 18:24:54.937,,,rȂ,ړȂ
2016/11/28 18:24:55.134,,,rȂ,ړȂ
2016/11/28 18:24:55.343,,,rȂ,ړȂ
2016/11/28 18:24:55.547,,,rȂ,ړȂ
2016/11/28 18:24:55.750,,,rȂ,ړȂ
2016/11/28 18:24:55.944,,,rȂ,ړȂ
2016/11/28 18:24:56.149,,,rȂ,ړȂ
2016/11/28 18:24:56.357,,,rȂ,ړȂ
2016/11/28 18:24:56.559,,,rȂ,ړȂ
2016/11/28 18:24:56.768,,,rȂ,ړȂ
2016/11/28 18:24:56.961,,,rȂ,ړȂ
2016/11/28 18:24:57.173,,,rȂ,ړȂ
2016/11/28 18:24:57.375,,,rȂ,ړȂ
2016/11/28 18:24:57.576,,,rȂ,ړȂ
2016/11/28 18:24:57.780,,,rȂ,ړȂ
2016/11/28 18:24:57.977,,,rȂ,ړȂ
2016/11/28 18:24:58.179,,,rȂ,ړȂ
2016/11/28 18:24:58.387,,,rȂ,ړȂ
2016/11/28 18:24:58.593,,,rȂ,ړȂ
2016/11/28 18:24:58.799,,,rȂ,ړȂ
2016/11/28 18:24:58.998,,,rȂ,ړȂ
2016/11/28 18:24:59.201,,,rȂ,ړȂ
2016/11/28 18:24:59.404,,,rȂ,ړȂ
2016/11/28 18:24:59.610,,,rȂ,ړȂ
2016/11/28 18:24:59.812,,,rȂ,ړȂ
2016/11/28 18:25:00.016,,,rȂ,ړȂ
2016/11/28 18:25:00.219,,,rȂ,ړȂ
2016/11/28 18:25:00.424,,,rȂ,ړȂ
2016/11/28 18:25:00.618,,,rȂ,ړȂ
2016/11/28 18:25:00.821,,,rȂ,ړȂ
2016/11/28 18:25:01.024,,,rȂ,ړȂ
2016/11/28 18:25:01.233,,,rȂ,ړȂ
2016/11/28 18:25:01.437,,,rȂ,ړȂ
2016/11/28 18:25:01.633,,,rȂ,ړȂ
2016/11/28 18:25:01.844,,,rȂ,ړȂ
2016/11/28 18:25:02.048,,,rȂ,ړȂ
2016/11/28 18:25:02.242,,,rȂ,ړȂ
2016/11/28 18:25:02.452,,,rȂ,ړȂ
2016/11/28 18:25:02.654,,,rȂ,ړȂ
2016/11/28 18:25:02.859,,,rȂ,ړȂ
2016/11/28 18:25:03.061,,,rȂ,ړȂ
2016/11/28 18:25:03.257,,,rȂ,ړȂ
2016/11/28 18:25:03.467,,,rȂ,ړȂ
2016/11/28 18:25:03.666,,,rȂ,ړȂ
2016/11/28 18:25:03.872,,,rȂ,ړȂ
2016/11/28 18:25:04.075,,,rȂ,ړȂ
2016/11/28 18:25:04.279,,,rȂ,ړȂ
2016/11/28 18:25:04.484,,,rȂ,ړȂ
2016/11/28 18:25:04.687,,,rȂ,ړȂ
2016/11/28 18:25:04.891,,,rȂ,ړȂ
2016/11/28 18:25:05.088,,,rȂ,ړȂ
2016/11/28 18:25:05.299,,,rȂ,ړȂ
2016/11/28 18:25:05.494,,,rȂ,ړȂ
2016/11/28 18:25:05.700,,,rȂ,ړȂ
2016/11/28 18:25:05.904,,,rȂ,ړȂ
2016/11/28 18:25:06.109,,,rȂ,ړȂ
2016/11/28 18:25:06.305,,,rȂ,ړȂ
2016/11/28 18:25:06.510,,,rȂ,ړȂ
2016/11/28 18:25:06.718,,,rȂ,ړȂ
2016/11/28 18:25:06.921,,,rȂ,ړȂ
2016/11/28 18:25:07.124,,,rȂ,ړȂ
2016/11/28 18:25:07.328,,,rȂ,ړȂ
2016/11/28 18:25:07.531,,,rȂ,ړȂ
2016/11/28 18:25:07.733,,,rȂ,ړȂ
2016/11/28 18:25:07.929,,,rȂ,ړȂ
2016/11/28 18:25:08.134,,,rȂ,ړȂ
2016/11/28 18:25:08.342,,,rȂ,ړȂ
2016/11/28 18:25:08.548,,,rȂ,ړȂ
2016/11/28 18:25:08.752,,,rȂ,ړȂ
2016/11/28 18:25:08.953,,,rȂ,ړȂ
2016/11/28 18:25:09.155,,,rȂ,ړȂ
2016/11/28 18:25:09.351,,,rȂ,ړȂ
2016/11/28 18:25:09.554,,,rȂ,ړȂ
2016/11/28 18:25:09.765,,,rȂ,ړȂ
2016/11/28 18:25:09.970,,,rȂ,ړȂ
2016/11/28 18:25:10.173,,,rȂ,ړȂ
2016/11/28 18:25:10.366,,,rȂ,ړȂ
2016/11/28 18:25:10.578,,,rȂ,ړȂ
2016/11/28 18:25:10.776,,,rȂ,ړȂ
2016/11/28 18:25:10.983,,,rȂ,ړȂ
2016/11/28 18:25:11.185,,,rȂ,ړȂ
2016/11/28 18:25:11.384,,,rȂ,ړȂ
2016/11/28 18:25:11.592,,,rȂ,ړȂ
2016/11/28 18:25:11.795,,,rȂ,ړȂ
2016/11/28 18:25:11.991,,,rȂ,ړȂ
2016/11/28 18:25:12.202,,,rȂ,ړȂ
2016/11/28 18:25:12.405,,,rȂ,ړȂ
2016/11/28 18:25:12.601,,,rȂ,ړȂ
2016/11/28 18:25:12.812,,,rȂ,ړȂ
2016/11/28 18:25:13.017,,,rȂ,ړȂ
2016/11/28 18:25:13.222,,,rȂ,ړȂ
2016/11/28 18:25:13.424,,,rȂ,ړȂ
2016/11/28 18:25:13.623,,,rȂ,ړȂ
2016/11/28 18:25:13.827,,,rȂ,ړȂ
2016/11/28 18:25:14.030,,,rȂ,ړȂ
2016/11/28 18:25:14.232,,,rȂ,ړȂ
2016/11/28 18:25:14.436,,,rȂ,ړȂ
2016/11/28 18:25:14.641,,,rȂ,ړȂ
2016/11/28 18:25:14.841,,,rȂ,ړȂ
2016/11/28 18:25:15.040,,,rȂ,ړȂ
2016/11/28 18:25:15.252,,,rȂ,ړȂ
2016/11/28 18:25:15.447,,,rȂ,ړȂ
2016/11/28 18:25:15.653,,,rȂ,ړȂ
2016/11/28 18:25:15.851,,,rȂ,ړȂ
2016/11/28 18:25:16.063,,,rȂ,ړȂ
2016/11/28 18:25:16.257,,,rȂ,ړȂ
2016/11/28 18:25:16.462,,,rȂ,ړȂ
2016/11/28 18:25:16.671,,,rȂ,ړȂ
2016/11/28 18:25:16.877,,,rȂ,ړȂ
2016/11/28 18:25:17.076,,,rȂ,ړȂ
2016/11/28 18:25:17.283,,,rȂ,ړȂ
2016/11/28 18:25:17.484,,,rȂ,ړȂ
2016/11/28 18:25:17.687,,,rȂ,ړȂ
2016/11/28 18:25:17.883,,,rȂ,ړȂ
2016/11/28 18:25:18.092,,,rȂ,ړȂ
2016/11/28 18:25:18.297,,,rȂ,ړȂ
2016/11/28 18:25:18.502,,,rȂ,ړȂ
2016/11/28 18:25:18.695,,,rȂ,ړȂ
2016/11/28 18:25:18.903,,,rȂ,ړȂ
2016/11/28 18:25:19.106,,,rȂ,ړȂ
2016/11/28 18:25:19.305,,,rȂ,ړȂ
2016/11/28 18:25:19.510,,,rȂ,ړȂ
2016/11/28 18:25:19.717,,,rȂ,ړȂ
2016/11/28 18:25:19.923,,,rȂ,ړȂ
2016/11/28 18:25:20.125,,,rȂ,ړȂ
2016/11/28 18:25:20.319,,,rȂ,ړȂ
2016/11/28 18:25:20.529,,,rȂ,ړȂ
2016/11/28 18:25:20.730,,,rȂ,ړȂ
2016/11/28 18:25:20.936,,,rȂ,ړȂ
2016/11/28 18:25:21.134,,,rȂ,ړȂ
2016/11/28 18:25:21.344,,,rȂ,ړȂ
2016/11/28 18:25:21.549,,,rȂ,ړȂ
2016/11/28 18:25:21.741,,,rȂ,ړȂ
2016/11/28 18:25:21.954,,,rȂ,ړȂ
2016/11/28 18:25:22.153,,,rȂ,ړȂ
2016/11/28 18:25:22.358,,,rȂ,ړȂ
2016/11/28 18:25:22.561,,,rȂ,ړȂ
2016/11/28 18:25:22.763,,,rȂ,ړȂ
2016/11/28 18:25:22.970,,,rȂ,ړȂ
2016/11/28 18:25:23.164,,,rȂ,ړȂ
2016/11/28 18:25:23.375,,,rȂ,ړȂ
2016/11/28 18:25:23.574,,,rȂ,ړȂ
2016/11/28 18:25:23.778,,,rȂ,ړȂ
2016/11/28 18:25:23.983,,,rȂ,ړȂ
2016/11/28 18:25:24.187,,,rȂ,ړȂ
2016/11/28 18:25:24.392,,,rȂ,ړȂ
2016/11/28 18:25:24.592,,,rȂ,ړȂ
2016/11/28 18:25:24.797,,,rȂ,ړȂ
2016/11/28 18:25:24.996,,,rȂ,ړȂ
2016/11/28 18:25:25.201,,,rȂ,ړȂ
2016/11/28 18:25:25.399,,,rȂ,ړȂ
2016/11/28 18:25:25.602,,,rȂ,ړȂ
2016/11/28 18:25:25.812,,,rȂ,ړȂ
2016/11/28 18:25:26.016,,,rȂ,ړȂ
2016/11/28 18:25:26.219,,,rȂ,ړȂ
2016/11/28 18:25:26.417,,,rȂ,ړȂ
2016/11/28 18:25:26.626,,,rȂ,ړȂ
2016/11/28 18:25:26.820,,,rȂ,ړȂ
2016/11/28 18:25:27.031,,,rȂ,ړȂ
2016/11/28 18:25:27.234,,,rȂ,ړȂ
2016/11/28 18:25:27.434,,,rȂ,ړȂ
2016/11/28 18:25:27.638,,,rȂ,ړȂ
2016/11/28 18:25:27.840,,,rȂ,ړȂ
2016/11/28 18:25:28.046,,,rȂ,ړȂ
2016/11/28 18:25:28.250,,,rȂ,ړȂ
2016/11/28 18:25:28.452,,,rȂ,ړȂ
2016/11/28 18:25:28.648,,,rȂ,ړȂ
2016/11/28 18:25:28.856,,,rȂ,ړȂ
2016/11/28 18:25:29.059,,,rȂ,ړȂ
2016/11/28 18:25:29.262,,,rȂ,ړȂ
2016/11/28 18:25:29.470,,,rȂ,ړȂ
2016/11/28 18:25:29.671,,,rȂ,ړȂ
2016/11/28 18:25:29.874,,,rȂ,ړȂ
2016/11/28 18:25:30.079,,,rȂ,ړȂ
2016/11/28 18:25:30.278,,,rȂ,ړȂ
2016/11/28 18:25:30.480,,,rȂ,ړȂ
2016/11/28 18:25:30.683,,,rȂ,ړȂ
2016/11/28 18:25:30.891,,,rȂ,ړȂ
2016/11/28 18:25:31.094,,,rȂ,ړȂ
2016/11/28 18:25:31.288,,,rȂ,ړȂ
2016/11/28 18:25:31.502,,,rȂ,ړȂ
2016/11/28 18:25:31.697,,,rȂ,ړȂ
2016/11/28 18:25:31.904,,,rȂ,ړȂ
2016/11/28 18:25:32.104,,,rȂ,ړȂ
2016/11/28 18:25:32.309,,,rȂ,ړȂ
2016/11/28 18:25:32.518,,,rȂ,ړȂ
2016/11/28 18:25:32.711,,,rȂ,ړȂ
2016/11/28 18:25:32.921,,,rȂ,ړȂ
2016/11/28 18:25:33.123,,,rȂ,ړȂ
2016/11/28 18:25:33.324,,,rȂ,ړȂ
2016/11/28 18:25:33.525,,,rȂ,ړȂ
2016/11/28 18:25:33.732,,,rȂ,ړȂ
2016/11/28 18:25:33.937,,,rȂ,ړȂ
2016/11/28 18:25:34.140,,,rȂ,ړȂ
2016/11/28 18:25:34.341,,,rȂ,ړȂ
2016/11/28 18:25:34.546,,,rȂ,ړȂ
2016/11/28 18:25:34.749,,,rȂ,ړȂ
2016/11/28 18:25:34.946,,,rȂ,ړȂ
2016/11/28 18:25:35.148,,,rȂ,ړȂ
2016/11/28 18:25:35.352,,,rȂ,ړȂ
2016/11/28 18:25:35.558,,,rȂ,ړȂ
2016/11/28 18:25:35.758,,,rȂ,ړȂ
2016/11/28 18:25:35.968,,,rȂ,ړȂ
2016/11/28 18:25:36.174,,,rȂ,ړȂ
2016/11/28 18:25:36.373,,,rȂ,ړȂ
2016/11/28 18:25:36.576,,,rȂ,ړȂ
2016/11/28 18:25:36.779,,,rȂ,ړȂ
2016/11/28 18:25:36.976,,,rȂ,ړȂ
2016/11/28 18:25:37.187,,,rȂ,ړȂ
2016/11/28 18:25:37.383,,,rȂ,ړȂ
2016/11/28 18:25:37.595,,,rȂ,ړȂ
2016/11/28 18:25:37.791,,,rȂ,ړȂ
2016/11/28 18:25:37.998,,,rȂ,ړȂ
2016/11/28 18:25:38.203,,,rȂ,ړȂ
2016/11/28 18:25:38.406,,,rȂ,ړȂ
2016/11/28 18:25:38.609,,,rȂ,ړȂ
2016/11/28 18:25:38.804,,,rȂ,ړȂ
2016/11/28 18:25:39.016,,,rȂ,ړȂ
2016/11/28 18:25:39.216,,,rȂ,ړȂ
2016/11/28 18:25:39.422,,,rȂ,ړȂ
2016/11/28 18:25:39.623,,,rȂ,ړȂ
2016/11/28 18:25:39.826,,,rȂ,ړȂ
2016/11/28 18:25:40.031,,,rȂ,ړȂ
2016/11/28 18:25:40.231,,,rȂ,ړȂ
2016/11/28 18:25:40.436,,,rȂ,ړȂ
2016/11/28 18:25:40.633,,,rȂ,ړȂ
2016/11/28 18:25:40.838,,,rȂ,ړȂ
2016/11/28 18:25:41.046,,,rȂ,ړȂ
2016/11/28 18:25:41.249,,,rȂ,ړȂ
2016/11/28 18:25:41.454,,,rȂ,ړȂ
2016/11/28 18:25:41.648,,,rȂ,ړȂ
2016/11/28 18:25:41.858,,,rȂ,ړȂ
2016/11/28 18:25:42.055,,,rȂ,ړȂ
2016/11/28 18:25:42.265,,,rȂ,ړȂ
2016/11/28 18:25:42.461,,,rȂ,ړȂ
2016/11/28 18:25:42.664,,,rȂ,ړȂ
2016/11/28 18:25:42.877,,,rȂ,ړȂ
2016/11/28 18:25:43.075,,,rȂ,ړȂ
2016/11/28 18:25:43.273,,,rȂ,ړȂ
2016/11/28 18:25:43.480,,,rȂ,ړȂ
2016/11/28 18:25:43.685,,,rȂ,ړȂ
2016/11/28 18:25:43.890,,,rȂ,ړȂ
2016/11/28 18:25:44.086,,,rȂ,ړȂ
2016/11/28 18:25:44.295,,,rȂ,ړȂ
2016/11/28 18:25:44.501,,,rȂ,ړȂ
2016/11/28 18:25:44.705,,,rȂ,ړȂ
2016/11/28 18:25:44.903,,,rȂ,ړȂ
2016/11/28 18:25:45.108,,,rȂ,ړȂ
2016/11/28 18:25:45.314,,,rȂ,ړȂ
2016/11/28 18:25:45.515,,,rȂ,ړȂ
2016/11/28 18:25:45.720,,,rȂ,ړȂ
2016/11/28 18:25:45.921,,,rȂ,ړȂ
2016/11/28 18:25:46.124,,,rȂ,ړȂ
2016/11/28 18:25:46.323,,,rȂ,ړȂ
2016/11/28 18:25:46.523,,,rȂ,ړȂ
2016/11/28 18:25:46.735,,,rȂ,ړȂ
2016/11/28 18:25:46.936,,,rȂ,ړȂ
2016/11/28 18:25:47.140,,,rȂ,ړȂ
2016/11/28 18:25:47.336,,,rȂ,ړȂ
2016/11/28 18:25:47.549,,,rȂ,ړȂ
2016/11/28 18:25:47.748,,,rȂ,ړȂ
2016/11/28 18:25:47.954,,,rȂ,ړȂ
2016/11/28 18:25:48.148,,,rȂ,ړȂ
2016/11/28 18:25:48.355,,,rȂ,ړȂ
2016/11/28 18:25:48.559,,,rȂ,ړȂ
2016/11/28 18:25:48.768,,,rȂ,ړȂ
2016/11/28 18:25:48.971,,,rȂ,ړȂ
2016/11/28 18:25:49.165,,,rȂ,ړȂ
2016/11/28 18:25:49.373,,,rȂ,ړȂ
2016/11/28 18:25:49.574,,,rȂ,ړȂ
2016/11/28 18:25:49.777,,,rȂ,ړȂ
2016/11/28 18:25:49.985,,,rȂ,ړȂ
2016/11/28 18:25:50.188,,,rȂ,ړȂ
2016/11/28 18:25:50.383,,,rȂ,ړȂ
2016/11/28 18:25:50.585,,,rȂ,ړȂ
2016/11/28 18:25:50.798,,,rȂ,ړȂ
2016/11/28 18:25:50.997,,,rȂ,ړȂ
2016/11/28 18:25:51.200,,,rȂ,ړȂ
2016/11/28 18:25:51.405,,,rȂ,ړȂ
2016/11/28 18:25:51.609,,,rȂ,ړȂ
2016/11/28 18:25:51.812,,,rȂ,ړȂ
2016/11/28 18:25:52.008,,,rȂ,ړȂ
2016/11/28 18:25:52.212,,,rȂ,ړȂ
2016/11/28 18:25:52.421,,,rȂ,ړȂ
2016/11/28 18:25:52.625,,,rȂ,ړȂ
2016/11/28 18:25:52.826,,,rȂ,ړȂ
2016/11/28 18:25:53.029,,,rȂ,ړȂ
2016/11/28 18:25:53.233,,,rȂ,ړȂ
2016/11/28 18:25:53.432,,,rȂ,ړȂ
2016/11/28 18:25:53.640,,,rȂ,ړȂ
2016/11/28 18:25:53.842,,,rȂ,ړȂ
2016/11/28 18:25:54.049,,,rȂ,ړȂ
2016/11/28 18:25:54.248,,,rȂ,ړȂ
2016/11/28 18:25:54.452,,,rȂ,ړȂ
2016/11/28 18:25:54.647,,,rȂ,ړȂ
2016/11/28 18:25:54.854,,,rȂ,ړȂ
2016/11/28 18:25:55.059,,,rȂ,ړȂ
2016/11/28 18:25:55.265,,,rȂ,ړȂ
2016/11/28 18:25:55.469,,,rȂ,ړȂ
2016/11/28 18:25:55.663,,,rȂ,ړȂ
2016/11/28 18:25:55.873,,,rȂ,ړȂ
2016/11/28 18:25:56.079,,,rȂ,ړȂ
2016/11/28 18:25:56.272,,,rȂ,ړȂ
2016/11/28 18:25:56.483,,,rȂ,ړȂ
2016/11/28 18:25:56.688,,,rȂ,ړȂ
2016/11/28 18:25:56.889,,,rȂ,ړȂ
2016/11/28 18:25:57.095,,,rȂ,ړȂ
2016/11/28 18:25:57.290,,,rȂ,ړȂ
2016/11/28 18:25:57.492,,,rȂ,ړȂ
2016/11/28 18:25:57.695,,,rȂ,ړȂ
2016/11/28 18:25:57.906,,,rȂ,ړȂ
2016/11/28 18:25:58.101,,,rȂ,ړȂ
2016/11/28 18:25:58.310,,,rȂ,ړȂ
2016/11/28 18:25:58.514,,,rȂ,ړȂ
2016/11/28 18:25:58.720,,,rȂ,ړȂ
2016/11/28 18:25:58.921,,,rȂ,ړȂ
2016/11/28 18:25:59.117,,,rȂ,ړȂ
2016/11/28 18:25:59.329,,,rȂ,ړȂ
2016/11/28 18:25:59.532,,,rȂ,ړȂ
2016/11/28 18:25:59.727,,,rȂ,ړȂ
2016/11/28 18:25:59.934,,,rȂ,ړȂ
2016/11/28 18:26:00.133,,,rȂ,ړȂ
2016/11/28 18:26:00.343,,,rȂ,ړȂ
2016/11/28 18:26:00.541,,,rȂ,ړȂ
2016/11/28 18:26:00.749,,,rȂ,ړȂ
2016/11/28 18:26:00.952,,,rȂ,ړȂ
2016/11/28 18:26:01.155,,,rȂ,ړȂ
2016/11/28 18:26:01.357,,,rȂ,ړȂ
2016/11/28 18:26:01.554,,,rȂ,ړȂ
2016/11/28 18:26:01.758,,,rȂ,ړȂ
2016/11/28 18:26:01.966,,,rȂ,ړȂ
2016/11/28 18:26:02.172,,,rȂ,ړȂ
2016/11/28 18:26:02.375,,,rȂ,ړȂ
2016/11/28 18:26:02.578,,,rȂ,ړȂ
2016/11/28 18:26:02.778,,,rȂ,ړȂ
2016/11/28 18:26:02.981,,,rȂ,ړȂ
2016/11/28 18:26:03.187,,,rȂ,ړȂ
2016/11/28 18:26:03.385,,,rȂ,ړȂ
2016/11/28 18:26:03.594,,,rȂ,ړȂ
2016/11/28 18:26:03.796,,,rȂ,ړȂ
2016/11/28 18:26:04.000,,,rȂ,ړȂ
2016/11/28 18:26:04.201,,,rȂ,ړȂ
2016/11/28 18:26:04.404,,,rȂ,ړȂ
2016/11/28 18:26:04.607,,,rȂ,ړȂ
2016/11/28 18:26:04.806,,,rȂ,ړȂ
2016/11/28 18:26:05.008,,,rȂ,ړȂ
2016/11/28 18:26:05.219,,,rȂ,ړȂ
2016/11/28 18:26:05.413,,,rȂ,ړȂ
2016/11/28 18:26:05.624,,,rȂ,ړȂ
2016/11/28 18:26:05.827,,,rȂ,ړȂ
2016/11/28 18:26:06.028,,,rȂ,ړȂ
2016/11/28 18:26:06.228,,,rȂ,ړȂ
2016/11/28 18:26:06.437,,,rȂ,ړȂ
2016/11/28 18:26:06.632,,,rȂ,ړȂ
2016/11/28 18:26:06.845,,,rȂ,ړȂ
2016/11/28 18:26:07.041,,,rȂ,ړȂ
2016/11/28 18:26:07.248,,,rȂ,ړȂ
2016/11/28 18:26:07.451,,,rȂ,ړȂ
2016/11/28 18:26:07.651,,,rȂ,ړȂ
2016/11/28 18:26:07.858,,,rȂ,ړȂ
2016/11/28 18:26:08.062,,,rȂ,ړȂ
2016/11/28 18:26:08.257,,,rȂ,ړȂ
2016/11/28 18:26:08.460,,,rȂ,ړȂ
2016/11/28 18:26:08.673,,,rȂ,ړȂ
2016/11/28 18:26:08.867,,,rȂ,ړȂ
2016/11/28 18:26:09.074,,,rȂ,ړȂ
2016/11/28 18:26:09.281,,,rȂ,ړȂ
2016/11/28 18:26:09.485,,,rȂ,ړȂ
2016/11/28 18:26:09.688,,,rȂ,ړȂ
2016/11/28 18:26:09.892,,,rȂ,ړȂ
2016/11/28 18:26:10.092,,,rȂ,ړȂ
2016/11/28 18:26:10.298,,,rȂ,ړȂ
2016/11/28 18:26:10.493,,,rȂ,ړȂ
2016/11/28 18:26:10.696,,,rȂ,ړȂ
2016/11/28 18:26:10.904,,,rȂ,ړȂ
2016/11/28 18:26:11.109,,,rȂ,ړȂ
2016/11/28 18:26:11.314,,,rȂ,ړȂ
2016/11/28 18:26:11.507,,,rȂ,ړȂ
2016/11/28 18:26:11.718,,,rȂ,ړȂ
2016/11/28 18:26:11.918,,,rȂ,ړȂ
2016/11/28 18:26:12.126,,,rȂ,ړȂ
2016/11/28 18:26:12.328,,,rȂ,ړȂ
2016/11/28 18:26:12.531,,,rȂ,ړȂ
2016/11/28 18:26:12.734,,,rȂ,ړȂ
2016/11/28 18:26:12.937,,,rȂ,ړȂ
2016/11/28 18:26:13.139,,,rȂ,ړȂ
2016/11/28 18:26:13.339,,,rȂ,ړȂ
2016/11/28 18:26:13.547,,,rȂ,ړȂ
2016/11/28 18:26:13.751,,,rȂ,ړȂ
2016/11/28 18:26:13.949,,,rȂ,ړȂ
2016/11/28 18:26:14.148,,,rȂ,ړȂ
2016/11/28 18:26:14.359,,,rȂ,ړȂ
2016/11/28 18:26:14.556,,,rȂ,ړȂ
2016/11/28 18:26:14.762,,,rȂ,ړȂ
2016/11/28 18:26:14.969,,,rȂ,ړȂ
2016/11/28 18:26:15.174,,,rȂ,ړȂ
2016/11/28 18:26:15.376,,,rȂ,ړȂ
2016/11/28 18:26:15.577,,,rȂ,ړȂ
2016/11/28 18:26:15.774,,,rȂ,ړȂ
2016/11/28 18:26:15.983,,,rȂ,ړȂ
2016/11/28 18:26:16.180,,,rȂ,ړȂ
2016/11/28 18:26:16.389,,,rȂ,ړȂ
2016/11/28 18:26:16.592,,,rȂ,ړȂ
2016/11/28 18:26:16.796,,,rȂ,ړȂ
2016/11/28 18:26:16.992,,,rȂ,ړȂ
2016/11/28 18:26:17.199,,,rȂ,ړȂ
2016/11/28 18:26:17.401,,,rȂ,ړȂ
2016/11/28 18:26:17.603,,,rȂ,ړȂ
2016/11/28 18:26:17.810,,,rȂ,ړȂ
2016/11/28 18:26:18.007,,,rȂ,ړȂ
2016/11/28 18:26:18.219,,,rȂ,ړȂ
2016/11/28 18:26:18.422,,,rȂ,ړȂ
2016/11/28 18:26:18.616,,,rȂ,ړȂ
2016/11/28 18:26:18.825,,,rȂ,ړȂ
2016/11/28 18:26:19.025,,,rȂ,ړȂ
2016/11/28 18:26:19.232,,,rȂ,ړȂ
2016/11/28 18:26:19.438,,,rȂ,ړȂ
2016/11/28 18:26:19.641,,,rȂ,ړȂ
2016/11/28 18:26:19.843,,,rȂ,ړȂ
2016/11/28 18:26:20.048,,,rȂ,ړȂ
2016/11/28 18:26:20.243,,,rȂ,ړȂ
2016/11/28 18:26:20.449,,,rȂ,ړȂ
2016/11/28 18:26:20.654,,,rȂ,ړȂ
2016/11/28 18:26:20.852,,,rȂ,ړȂ
2016/11/28 18:26:21.055,,,rȂ,ړȂ
2016/11/28 18:26:21.326,,,rȂ,ړȂ
2016/11/28 18:26:21.460,,,rȂ,ړȂ
2016/11/28 18:26:21.671,,,rȂ,ړȂ
2016/11/28 18:26:21.870,,,rȂ,ړȂ
2016/11/28 18:26:22.078,,,rȂ,ړȂ
2016/11/28 18:26:22.276,,,rȂ,ړȂ
2016/11/28 18:26:22.478,,,rȂ,ړȂ
2016/11/28 18:26:22.687,,,rȂ,ړȂ
2016/11/28 18:26:22.884,,,rȂ,ړȂ
2016/11/28 18:26:23.095,,,rȂ,ړȂ
2016/11/28 18:26:23.294,,,rȂ,ړȂ
2016/11/28 18:26:23.493,,,rȂ,ړȂ
2016/11/28 18:26:23.705,,,rȂ,ړȂ
2016/11/28 18:26:23.900,,,rȂ,ړȂ
2016/11/28 18:26:24.101,,,rȂ,ړȂ
2016/11/28 18:26:24.314,,,rȂ,ړȂ
2016/11/28 18:26:24.508,,,rȂ,ړȂ
2016/11/28 18:26:24.714,,,rȂ,ړȂ
2016/11/28 18:26:24.919,,,rȂ,ړȂ
2016/11/28 18:26:25.118,,,rȂ,ړȂ
2016/11/28 18:26:25.320,,,rȂ,ړȂ
2016/11/28 18:26:25.532,,,rȂ,ړȂ
2016/11/28 18:26:25.729,,,rȂ,ړȂ
2016/11/28 18:26:25.931,,,rȂ,ړȂ
2016/11/28 18:26:26.138,,,rȂ,ړȂ
2016/11/28 18:26:26.345,,,rȂ,ړȂ
2016/11/28 18:26:26.548,,,rȂ,ړȂ
2016/11/28 18:26:26.746,,,rȂ,ړȂ
2016/11/28 18:26:27.004,,,rȂ,ړȂ
2016/11/28 18:26:27.155,,,rȂ,ړȂ
2016/11/28 18:26:27.355,,,rȂ,ړȂ
2016/11/28 18:26:27.558,,,rȂ,ړȂ
2016/11/28 18:26:27.763,,,rȂ,ړȂ
2016/11/28 18:26:27.960,,,rȂ,ړȂ
2016/11/28 18:26:28.165,,,rȂ,ړȂ
2016/11/28 18:26:28.374,,,rȂ,ړȂ
2016/11/28 18:26:28.577,,,rȂ,ړȂ
2016/11/28 18:26:28.782,,,rȂ,ړȂ
2016/11/28 18:26:28.981,,,rȂ,ړȂ
2016/11/28 18:26:29.188,,,rȂ,ړȂ
2016/11/28 18:26:29.388,,,rȂ,ړȂ
2016/11/28 18:26:29.592,,,rȂ,ړȂ
2016/11/28 18:26:29.797,,,rȂ,ړȂ
2016/11/28 18:26:30.000,,,rȂ,ړȂ
2016/11/28 18:26:30.202,,,rȂ,ړȂ
2016/11/28 18:26:30.540,,,rȂ,ړȂ
2016/11/28 18:26:30.602,,,rȂ,ړȂ
2016/11/28 18:26:30.809,,,rȂ,ړȂ
2016/11/28 18:26:31.009,,,rȂ,ړȂ
2016/11/28 18:26:31.222,,,rȂ,ړȂ
2016/11/28 18:26:31.421,,,rȂ,ړȂ
2016/11/28 18:26:31.627,,,rȂ,ړȂ
2016/11/28 18:26:31.823,,,rȂ,ړȂ
2016/11/28 18:26:32.028,,,rȂ,ړȂ
2016/11/28 18:26:32.234,,,rȂ,ړȂ
2016/11/28 18:26:32.437,,,rȂ,ړȂ
2016/11/28 18:26:32.640,,,rȂ,ړȂ
2016/11/28 18:26:32.844,,,rȂ,ړȂ
2016/11/28 18:26:33.040,,,rȂ,ړȂ
2016/11/28 18:26:33.247,,,rȂ,ړȂ
2016/11/28 18:26:33.444,,,rȂ,ړȂ
2016/11/28 18:26:33.650,,,rȂ,ړȂ
2016/11/28 18:26:33.860,,,rȂ,ړȂ
2016/11/28 18:26:34.061,,,rȂ,ړȂ
2016/11/28 18:26:34.267,,,rȂ,ړȂ
2016/11/28 18:26:34.461,,,rȂ,ړȂ
2016/11/28 18:26:34.664,,,rȂ,ړȂ
2016/11/28 18:26:34.868,,,rȂ,ړȂ
2016/11/28 18:26:35.078,,,rȂ,ړȂ
2016/11/28 18:26:35.273,,,rȂ,ړȂ
2016/11/28 18:26:35.482,,,rȂ,ړȂ
2016/11/28 18:26:35.686,,,rȂ,ړȂ
2016/11/28 18:26:35.885,,,rȂ,ړȂ
2016/11/28 18:26:36.091,,,rȂ,ړȂ
2016/11/28 18:26:36.295,,,rȂ,ړȂ
2016/11/28 18:26:36.499,,,rȂ,ړȂ
2016/11/28 18:26:36.699,,,rȂ,ړȂ
2016/11/28 18:26:36.904,,,rȂ,ړȂ
2016/11/28 18:26:37.107,,,rȂ,ړȂ
2016/11/28 18:26:37.308,,,rȂ,ړȂ
2016/11/28 18:26:37.508,,,rȂ,ړȂ
2016/11/28 18:26:37.721,,,rȂ,ړȂ
2016/11/28 18:26:37.914,,,rȂ,ړȂ
2016/11/28 18:26:38.127,,,rȂ,ړȂ
2016/11/28 18:26:38.320,,,rȂ,ړȂ
2016/11/28 18:26:38.529,,,rȂ,ړȂ
2016/11/28 18:26:38.732,,,rȂ,ړȂ
2016/11/28 18:26:38.930,,,rȂ,ړȂ
2016/11/28 18:26:39.141,,,rȂ,ړȂ
2016/11/28 18:26:39.345,,,rȂ,ړȂ
2016/11/28 18:26:39.540,,,rȂ,ړȂ
2016/11/28 18:26:39.752,,,rȂ,ړȂ
2016/11/28 18:26:39.952,,,rȂ,ړȂ
2016/11/28 18:26:40.154,,,rȂ,ړȂ
2016/11/28 18:26:40.351,,,rȂ,ړȂ
2016/11/28 18:26:40.563,,,rȂ,ړȂ
2016/11/28 18:26:40.767,,,rȂ,ړȂ
2016/11/28 18:26:40.961,,,rȂ,ړȂ
2016/11/28 18:26:41.172,,,rȂ,ړȂ
2016/11/28 18:26:41.372,,,rȂ,ړȂ
2016/11/28 18:26:41.576,,,rȂ,ړȂ
2016/11/28 18:26:41.775,,,rȂ,ړȂ
2016/11/28 18:26:41.976,,,rȂ,ړȂ
2016/11/28 18:26:42.185,,,rȂ,ړȂ
2016/11/28 18:26:42.382,,,rȂ,ړȂ
2016/11/28 18:26:42.590,,,rȂ,ړȂ
2016/11/28 18:26:42.795,,,rȂ,ړȂ
2016/11/28 18:26:43.000,,,rȂ,ړȂ
2016/11/28 18:26:43.196,,,rȂ,ړȂ
2016/11/28 18:26:43.408,,,rȂ,ړȂ
2016/11/28 18:26:43.608,,,rȂ,ړȂ
2016/11/28 18:26:43.813,,,rȂ,ړȂ
2016/11/28 18:26:44.007,,,rȂ,ړȂ
2016/11/28 18:26:44.211,,,rȂ,ړȂ
2016/11/28 18:26:44.422,,,rȂ,ړȂ
2016/11/28 18:26:44.622,,,rȂ,ړȂ
2016/11/28 18:26:44.825,,,rȂ,ړȂ
2016/11/28 18:26:45.030,,,rȂ,ړȂ
2016/11/28 18:26:45.235,,,rȂ,ړȂ
2016/11/28 18:26:45.435,,,rȂ,ړȂ
2016/11/28 18:26:45.633,,,rȂ,ړȂ
2016/11/28 18:26:45.835,,,rȂ,ړȂ
2016/11/28 18:26:46.039,,,rȂ,ړȂ
2016/11/28 18:26:46.248,,,rȂ,ړȂ
2016/11/28 18:26:46.448,,,rȂ,ړȂ
2016/11/28 18:26:46.649,,,rȂ,ړȂ
2016/11/28 18:26:46.856,,,rȂ,ړȂ
2016/11/28 18:26:47.062,,,rȂ,ړȂ
2016/11/28 18:26:47.258,,,rȂ,ړȂ
2016/11/28 18:26:47.466,,,rȂ,ړȂ
2016/11/28 18:26:47.663,,,rȂ,ړȂ
2016/11/28 18:26:47.868,,,rȂ,ړȂ
2016/11/28 18:26:48.078,,,rȂ,ړȂ
2016/11/28 18:26:48.274,,,rȂ,ړȂ
2016/11/28 18:26:48.482,,,rȂ,ړȂ
2016/11/28 18:26:48.679,,,rȂ,ړȂ
2016/11/28 18:26:48.885,,,rȂ,ړȂ
2016/11/28 18:26:49.087,,,rȂ,ړȂ
2016/11/28 18:26:49.297,,,rȂ,ړȂ
2016/11/28 18:26:49.500,,,rȂ,ړȂ
2016/11/28 18:26:49.700,,,rȂ,ړȂ
2016/11/28 18:26:49.907,,,rȂ,ړȂ
2016/11/28 18:26:50.109,,,rȂ,ړȂ
2016/11/28 18:26:50.304,,,rȂ,ړȂ
2016/11/28 18:26:50.508,,,rȂ,ړȂ
2016/11/28 18:26:50.719,,,rȂ,ړȂ
2016/11/28 18:26:50.924,,,rȂ,ړȂ
2016/11/28 18:26:51.124,,,rȂ,ړȂ
2016/11/28 18:26:51.326,,,rȂ,ړȂ
2016/11/28 18:26:51.530,,,rȂ,ړȂ
2016/11/28 18:26:51.730,,,rȂ,ړȂ
2016/11/28 18:26:51.938,,,rȂ,ړȂ
2016/11/28 18:26:52.133,,,rȂ,ړȂ
2016/11/28 18:26:52.339,,,rȂ,ړȂ
2016/11/28 18:26:52.541,,,rȂ,ړȂ
2016/11/28 18:26:52.744,,,rȂ,ړȂ
2016/11/28 18:26:52.953,,,rȂ,ړȂ
2016/11/28 18:26:53.177,,,rȂ,ړȂ
2016/11/28 18:26:53.358,,,rȂ,ړȂ
2016/11/28 18:26:53.561,,,rȂ,ړȂ
2016/11/28 18:26:53.764,,,rȂ,ړȂ
2016/11/28 18:26:53.963,,,rȂ,ړȂ
2016/11/28 18:26:54.166,,,rȂ,ړȂ
2016/11/28 18:26:54.367,,,rȂ,ړȂ
2016/11/28 18:26:54.574,,,rȂ,ړȂ
2016/11/28 18:26:54.779,,,rȂ,ړȂ
2016/11/28 18:26:54.985,,,rȂ,ړȂ
2016/11/28 18:26:55.179,,,rȂ,ړȂ
2016/11/28 18:26:55.383,,,rȂ,ړȂ
2016/11/28 18:26:55.593,,,rȂ,ړȂ
2016/11/28 18:26:55.797,,,rȂ,ړȂ
2016/11/28 18:26:55.992,,,rȂ,ړȂ
2016/11/28 18:26:56.195,,,rȂ,ړȂ
2016/11/28 18:26:56.402,,,rȂ,ړȂ
2016/11/28 18:26:56.608,,,rȂ,ړȂ
2016/11/28 18:26:56.812,,,rȂ,ړȂ
2016/11/28 18:26:57.013,,,rȂ,ړȂ
2016/11/28 18:26:57.211,,,rȂ,ړȂ
2016/11/28 18:26:57.417,,,rȂ,ړȂ
2016/11/28 18:26:57.624,,,rȂ,ړȂ
2016/11/28 18:26:57.826,,,rȂ,ړȂ
2016/11/28 18:26:58.030,,,rȂ,ړȂ
2016/11/28 18:26:58.236,,,rȂ,ړȂ
2016/11/28 18:26:58.429,,,rȂ,ړȂ
2016/11/28 18:26:58.641,,,rȂ,ړȂ
2016/11/28 18:26:58.840,,,rȂ,ړȂ
2016/11/28 18:26:59.041,,,rȂ,ړȂ
2016/11/28 18:26:59.250,,,rȂ,ړȂ
2016/11/28 18:26:59.452,,,rȂ,ړȂ
2016/11/28 18:26:59.652,,,rȂ,ړȂ
2016/11/28 18:26:59.857,,,rȂ,ړȂ
2016/11/28 18:27:00.063,,,rȂ,ړȂ
2016/11/28 18:27:00.266,,,rȂ,ړȂ
2016/11/28 18:27:00.461,,,rȂ,ړȂ
2016/11/28 18:27:00.670,,,rȂ,ړȂ
2016/11/28 18:27:00.868,,,rȂ,ړȂ
2016/11/28 18:27:01.078,,,rȂ,ړȂ
2016/11/28 18:27:01.275,,,rȂ,ړȂ
2016/11/28 18:27:01.484,,,rȂ,ړȂ
2016/11/28 18:27:01.681,,,rȂ,ړȂ
2016/11/28 18:27:01.890,,,rȂ,ړȂ
2016/11/28 18:27:02.087,,,rȂ,ړȂ
2016/11/28 18:27:02.296,,,rȂ,ړȂ
2016/11/28 18:27:02.500,,,rȂ,ړȂ
2016/11/28 18:27:02.704,,,rȂ,ړȂ
2016/11/28 18:27:02.899,,,rȂ,ړȂ
2016/11/28 18:27:03.103,,,rȂ,ړȂ
2016/11/28 18:27:03.306,,,rȂ,ړȂ
2016/11/28 18:27:03.517,,,rȂ,ړȂ
2016/11/28 18:27:03.713,,,rȂ,ړȂ
2016/11/28 18:27:03.916,,,rȂ,ړȂ
2016/11/28 18:27:04.116,,,rȂ,ړȂ
2016/11/28 18:27:04.328,,,rȂ,ړȂ
2016/11/28 18:27:04.523,,,rȂ,ړȂ
2016/11/28 18:27:04.735,,,rȂ,ړȂ
2016/11/28 18:27:04.938,,,rȂ,ړȂ
2016/11/28 18:27:05.140,,,rȂ,ړȂ
2016/11/28 18:27:05.337,,,rȂ,ړȂ
2016/11/28 18:27:05.538,,,rȂ,ړȂ
2016/11/28 18:27:05.750,,,rȂ,ړȂ
2016/11/28 18:27:05.946,,,rȂ,ړȂ
2016/11/28 18:27:06.154,,,rȂ,ړȂ
2016/11/28 18:27:06.358,,,rȂ,ړȂ
2016/11/28 18:27:06.559,,,rȂ,ړȂ
2016/11/28 18:27:06.767,,,rȂ,ړȂ
2016/11/28 18:27:06.967,,,rȂ,ړȂ
2016/11/28 18:27:07.171,,,rȂ,ړȂ
2016/11/28 18:27:07.371,,,rȂ,ړȂ
2016/11/28 18:27:07.577,,,rȂ,ړȂ
2016/11/28 18:27:07.772,,,rȂ,ړȂ
2016/11/28 18:27:07.983,,,rȂ,ړȂ
2016/11/28 18:27:08.189,,,rȂ,ړȂ
2016/11/28 18:27:08.383,,,rȂ,ړȂ
2016/11/28 18:27:08.592,,,rȂ,ړȂ
2016/11/28 18:27:08.793,,,rȂ,ړȂ
2016/11/28 18:27:08.999,,,rȂ,ړȂ
2016/11/28 18:27:09.202,,,rȂ,ړȂ
2016/11/28 18:27:09.408,,,rȂ,ړȂ
2016/11/28 18:27:09.609,,,rȂ,ړȂ
2016/11/28 18:27:09.812,,,rȂ,ړȂ
2016/11/28 18:27:10.016,,,rȂ,ړȂ
2016/11/28 18:27:10.214,,,rȂ,ړȂ
2016/11/28 18:27:10.421,,,rȂ,ړȂ
2016/11/28 18:27:10.617,,,rȂ,ړȂ
2016/11/28 18:27:10.825,,,rȂ,ړȂ
2016/11/28 18:27:11.030,,,rȂ,ړȂ
2016/11/28 18:27:11.226,,,rȂ,ړȂ
2016/11/28 18:27:11.437,,,rȂ,ړȂ
2016/11/28 18:27:11.637,,,rȂ,ړȂ
2016/11/28 18:27:11.845,,,rȂ,ړȂ
2016/11/28 18:27:12.045,,,rȂ,ړȂ
2016/11/28 18:27:12.249,,,rȂ,ړȂ
2016/11/28 18:27:12.445,,,rȂ,ړȂ
2016/11/28 18:27:12.653,,,rȂ,ړȂ
2016/11/28 18:27:12.856,,,rȂ,ړȂ
2016/11/28 18:27:13.059,,,rȂ,ړȂ
2016/11/28 18:27:13.267,,,rȂ,ړȂ
2016/11/28 18:27:13.462,,,rȂ,ړȂ
2016/11/28 18:27:13.663,,,rȂ,ړȂ
2016/11/28 18:27:13.872,,,rȂ,ړȂ
2016/11/28 18:27:14.076,,,rȂ,ړȂ
2016/11/28 18:27:14.280,,,rȂ,ړȂ
2016/11/28 18:27:14.479,,,rȂ,ړȂ
2016/11/28 18:27:14.684,,,rȂ,ړȂ
2016/11/28 18:27:14.893,,,rȂ,ړȂ
2016/11/28 18:27:15.087,,,rȂ,ړȂ
2016/11/28 18:27:15.290,,,rȂ,ړȂ
2016/11/28 18:27:15.502,,,rȂ,ړȂ
2016/11/28 18:27:15.702,,,rȂ,ړȂ
2016/11/28 18:27:15.902,,,rȂ,ړȂ
2016/11/28 18:27:16.108,,,rȂ,ړȂ
2016/11/28 18:27:16.308,,,rȂ,ړȂ
2016/11/28 18:27:16.516,,,rȂ,ړȂ
2016/11/28 18:27:16.716,,,rȂ,ړȂ
2016/11/28 18:27:16.916,,,rȂ,ړȂ
2016/11/28 18:27:17.126,,,rȂ,ړȂ
2016/11/28 18:27:17.323,,,rȂ,ړȂ
2016/11/28 18:27:17.529,,,rȂ,ړȂ
2016/11/28 18:27:17.731,,,rȂ,ړȂ
2016/11/28 18:27:17.934,,,rȂ,ړȂ
2016/11/28 18:27:18.133,,,rȂ,ړȂ
2016/11/28 18:27:18.337,,,rȂ,ړȂ
2016/11/28 18:27:18.539,,,rȂ,ړȂ
2016/11/28 18:27:18.744,,,rȂ,ړȂ
2016/11/28 18:27:18.954,,,rȂ,ړȂ
2016/11/28 18:27:19.147,,,rȂ,ړȂ
2016/11/28 18:27:19.352,,,rȂ,ړȂ
2016/11/28 18:27:19.559,,,rȂ,ړȂ
2016/11/28 18:27:19.762,,,rȂ,ړȂ
2016/11/28 18:27:19.969,,,rȂ,ړȂ
2016/11/28 18:27:20.167,,,rȂ,ړȂ
2016/11/28 18:27:20.372,,,rȂ,ړȂ
2016/11/28 18:27:20.579,,,rȂ,ړȂ
2016/11/28 18:27:20.774,,,rȂ,ړȂ
2016/11/28 18:27:20.980,,,rȂ,ړȂ
2016/11/28 18:27:21.181,,,rȂ,ړȂ
2016/11/28 18:27:21.384,,,rȂ,ړȂ
2016/11/28 18:27:21.585,,,rȂ,ړȂ
2016/11/28 18:27:21.792,,,rȂ,ړȂ
2016/11/28 18:27:21.993,,,rȂ,ړȂ
2016/11/28 18:27:22.195,,,rȂ,ړȂ
2016/11/28 18:27:22.399,,,rȂ,ړȂ
2016/11/28 18:27:22.608,,,rȂ,ړȂ
2016/11/28 18:27:22.811,,,rȂ,ړȂ
2016/11/28 18:27:23.008,,,rȂ,ړȂ
2016/11/28 18:27:23.213,,,rȂ,ړȂ
2016/11/28 18:27:23.417,,,rȂ,ړȂ
2016/11/28 18:27:23.616,,,rȂ,ړȂ
2016/11/28 18:27:23.826,,,rȂ,ړȂ
2016/11/28 18:27:24.025,,,rȂ,ړȂ
2016/11/28 18:27:24.231,,,rȂ,ړȂ
2016/11/28 18:27:24.430,,,rȂ,ړȂ
2016/11/28 18:27:24.640,,,rȂ,ړȂ
2016/11/28 18:27:24.839,,,rȂ,ړȂ
2016/11/28 18:27:25.048,,,rȂ,ړȂ
2016/11/28 18:27:25.250,,,rȂ,ړȂ
2016/11/28 18:27:25.447,,,rȂ,ړȂ
2016/11/28 18:27:25.653,,,rȂ,ړȂ
2016/11/28 18:27:25.852,,,rȂ,ړȂ
2016/11/28 18:27:26.060,,,rȂ,ړȂ
2016/11/28 18:27:26.264,,,rȂ,ړȂ
2016/11/28 18:27:26.468,,,rȂ,ړȂ
2016/11/28 18:27:26.674,,,rȂ,ړȂ
2016/11/28 18:27:26.876,,,rȂ,ړȂ
2016/11/28 18:27:27.075,,,rȂ,ړȂ
2016/11/28 18:27:27.274,,,rȂ,ړȂ
2016/11/28 18:27:27.479,,,rȂ,ړȂ
2016/11/28 18:27:27.686,,,rȂ,ړȂ
2016/11/28 18:27:27.887,,,rȂ,ړȂ
2016/11/28 18:27:28.086,,,rȂ,ړȂ
2016/11/28 18:27:28.290,,,rȂ,ړȂ
2016/11/28 18:27:28.502,,,rȂ,ړȂ
2016/11/28 18:27:28.695,,,rȂ,ړȂ
2016/11/28 18:27:28.902,,,rȂ,ړȂ
2016/11/28 18:27:29.107,,,rȂ,ړȂ
2016/11/28 18:27:29.311,,,rȂ,ړȂ
2016/11/28 18:27:29.516,,,rȂ,ړȂ
2016/11/28 18:27:29.718,,,rȂ,ړȂ
2016/11/28 18:27:29.920,,,rȂ,ړȂ
2016/11/28 18:27:30.120,,,rȂ,ړȂ
2016/11/28 18:27:30.325,,,rȂ,ړȂ
2016/11/28 18:27:30.529,,,rȂ,ړȂ
2016/11/28 18:27:30.728,,,rȂ,ړȂ
2016/11/28 18:27:30.938,,,rȂ,ړȂ
2016/11/28 18:27:31.133,,,rȂ,ړȂ
2016/11/28 18:27:31.343,,,rȂ,ړȂ
2016/11/28 18:27:31.539,,,rȂ,ړȂ
2016/11/28 18:27:31.743,,,rȂ,ړȂ
2016/11/28 18:27:31.954,,,rȂ,ړȂ
2016/11/28 18:27:32.155,,,rȂ,ړȂ
2016/11/28 18:27:32.359,,,rȂ,ړȂ
2016/11/28 18:27:32.556,,,rȂ,ړȂ
2016/11/28 18:27:32.759,,,rȂ,ړȂ
2016/11/28 18:27:32.966,,,rȂ,ړȂ
2016/11/28 18:27:33.174,,,rȂ,ړȂ
2016/11/28 18:27:33.377,,,rȂ,ړȂ
2016/11/28 18:27:33.575,,,rȂ,ړȂ
2016/11/28 18:27:33.779,,,rȂ,ړȂ
2016/11/28 18:27:33.977,,,rȂ,ړȂ
2016/11/28 18:27:34.186,,,rȂ,ړȂ
2016/11/28 18:27:34.383,,,rȂ,ړȂ
2016/11/28 18:27:34.593,,,rȂ,ړȂ
2016/11/28 18:27:34.798,,,rȂ,ړȂ
2016/11/28 18:27:35.002,,,rȂ,ړȂ
2016/11/28 18:27:35.202,,,rȂ,ړȂ
2016/11/28 18:27:35.405,,,rȂ,ړȂ
2016/11/28 18:27:35.607,,,rȂ,ړȂ
2016/11/28 18:27:35.807,,,rȂ,ړȂ
2016/11/28 18:27:36.016,,,rȂ,ړȂ
2016/11/28 18:27:36.217,,,rȂ,ړȂ
2016/11/28 18:27:36.421,,,rȂ,ړȂ
2016/11/28 18:27:36.624,,,rȂ,ړȂ
2016/11/28 18:27:36.828,,,rȂ,ړȂ
2016/11/28 18:27:37.031,,,rȂ,ړȂ
2016/11/28 18:27:37.229,,,rȂ,ړȂ
2016/11/28 18:27:37.436,,,rȂ,ړȂ
2016/11/28 18:27:37.640,,,rȂ,ړȂ
2016/11/28 18:27:37.841,,,rȂ,ړȂ
2016/11/28 18:27:38.041,,,rȂ,ړȂ
2016/11/28 18:27:38.242,,,rȂ,ړȂ
2016/11/28 18:27:38.453,,,rȂ,ړȂ
2016/11/28 18:27:38.652,,,rȂ,ړȂ
2016/11/28 18:27:38.856,,,rȂ,ړȂ
2016/11/28 18:27:39.060,,,rȂ,ړȂ
2016/11/28 18:27:39.266,,,rȂ,ړȂ
2016/11/28 18:27:39.463,,,rȂ,ړȂ
2016/11/28 18:27:39.672,,,rȂ,ړȂ
2016/11/28 18:27:39.868,,,rȂ,ړȂ
2016/11/28 18:27:40.071,,,rȂ,ړȂ
2016/11/28 18:27:40.281,,,rȂ,ړȂ
2016/11/28 18:27:40.478,,,rȂ,ړȂ
2016/11/28 18:27:40.684,,,rȂ,ړȂ
2016/11/28 18:27:40.894,,,rȂ,ړȂ
2016/11/28 18:27:41.094,,,rȂ,ړȂ
2016/11/28 18:27:41.314,,,rȂ,ړȂ
2016/11/28 18:27:41.504,,,rȂ,ړȂ
2016/11/28 18:27:41.696,,,rȂ,ړȂ
2016/11/28 18:27:41.906,,,rȂ,ړȂ
2016/11/28 18:27:42.109,,,rȂ,ړȂ
2016/11/28 18:27:42.313,,,rȂ,ړȂ
2016/11/28 18:27:42.516,,,rȂ,ړȂ
2016/11/28 18:27:42.711,,,rȂ,ړȂ
2016/11/28 18:27:42.919,,,rȂ,ړȂ
2016/11/28 18:27:43.126,,,rȂ,ړȂ
2016/11/28 18:27:43.320,,,rȂ,ړȂ
2016/11/28 18:27:43.533,,,rȂ,ړȂ
2016/11/28 18:27:43.731,,,rȂ,ړȂ
2016/11/28 18:27:43.935,,,rȂ,ړȂ
2016/11/28 18:27:44.132,,,rȂ,ړȂ
2016/11/28 18:27:44.336,,,rȂ,ړȂ
2016/11/28 18:27:44.549,,,rȂ,ړȂ
2016/11/28 18:27:44.748,,,rȂ,ړȂ
2016/11/28 18:27:44.951,,,rȂ,ړȂ
2016/11/28 18:27:45.148,,,rȂ,ړȂ
2016/11/28 18:27:45.357,,,rȂ,ړȂ
2016/11/28 18:27:45.555,,,rȂ,ړȂ
2016/11/28 18:27:45.758,,,rȂ,ړȂ
2016/11/28 18:27:45.963,,,rȂ,ړȂ
2016/11/28 18:27:46.164,,,rȂ,ړȂ
2016/11/28 18:27:46.374,,,rȂ,ړȂ
2016/11/28 18:27:46.577,,,rȂ,ړȂ
2016/11/28 18:27:46.779,,,rȂ,ړȂ
2016/11/28 18:27:46.984,,,rȂ,ړȂ
2016/11/28 18:27:47.182,,,rȂ,ړȂ
2016/11/28 18:27:47.382,,,rȂ,ړȂ
2016/11/28 18:27:47.595,,,rȂ,ړȂ
2016/11/28 18:27:47.797,,,rȂ,ړȂ
2016/11/28 18:27:47.992,,,rȂ,ړȂ
2016/11/28 18:27:48.203,,,rȂ,ړȂ
2016/11/28 18:27:48.404,,,rȂ,ړȂ
2016/11/28 18:27:48.605,,,rȂ,ړȂ
2016/11/28 18:27:48.812,,,rȂ,ړȂ
2016/11/28 18:27:49.008,,,rȂ,ړȂ
2016/11/28 18:27:49.218,,,rȂ,ړȂ
2016/11/28 18:27:49.422,,,rȂ,ړȂ
2016/11/28 18:27:49.623,,,rȂ,ړȂ
2016/11/28 18:27:49.830,,,rȂ,ړȂ
2016/11/28 18:27:50.024,,,rȂ,ړȂ
2016/11/28 18:27:50.231,,,rȂ,ړȂ
2016/11/28 18:27:50.430,,,rȂ,ړȂ
2016/11/28 18:27:50.633,,,rȂ,ړȂ
2016/11/28 18:27:50.841,,,rȂ,ړȂ
2016/11/28 18:27:51.048,,,rȂ,ړȂ
2016/11/28 18:27:51.249,,,rȂ,ړȂ
2016/11/28 18:27:51.446,,,rȂ,ړȂ
2016/11/28 18:27:51.649,,,rȂ,ړȂ
2016/11/28 18:27:51.852,,,rȂ,ړȂ
2016/11/28 18:27:52.061,,,rȂ,ړȂ
2016/11/28 18:27:52.258,,,rȂ,ړȂ
2016/11/28 18:27:52.462,,,rȂ,ړȂ
2016/11/28 18:27:52.673,,,rȂ,ړȂ
2016/11/28 18:27:52.870,,,rȂ,ړȂ
2016/11/28 18:27:53.070,,,rȂ,ړȂ
2016/11/28 18:27:53.274,,,rȂ,ړȂ
2016/11/28 18:27:53.476,,,rȂ,ړȂ
2016/11/28 18:27:53.684,,,rȂ,ړȂ
2016/11/28 18:27:53.883,,,rȂ,ړȂ
2016/11/28 18:27:54.095,,,rȂ,ړȂ
2016/11/28 18:27:54.294,,,rȂ,ړȂ
2016/11/28 18:27:54.496,,,rȂ,ړȂ
2016/11/28 18:27:54.701,,,rȂ,ړȂ
2016/11/28 18:27:54.904,,,rȂ,ړȂ
2016/11/28 18:27:55.107,,,rȂ,ړȂ
2016/11/28 18:27:55.306,,,rȂ,ړȂ
2016/11/28 18:27:55.507,,,rȂ,ړȂ
2016/11/28 18:27:55.714,,,rȂ,ړȂ
2016/11/28 18:27:55.920,,,rȂ,ړȂ
2016/11/28 18:27:56.124,,,rȂ,ړȂ
2016/11/28 18:27:56.329,,,rȂ,ړȂ
2016/11/28 18:27:56.526,,,rȂ,ړȂ
2016/11/28 18:27:56.734,,,rȂ,ړȂ
2016/11/28 18:27:56.937,,,rȂ,ړȂ
2016/11/28 18:27:57.139,,,rȂ,ړȂ
2016/11/28 18:27:57.342,,,rȂ,ړȂ
2016/11/28 18:27:57.547,,,rȂ,ړȂ
2016/11/28 18:27:57.741,,,rȂ,ړȂ
2016/11/28 18:27:57.953,,,rȂ,ړȂ
2016/11/28 18:27:58.154,,,rȂ,ړȂ
2016/11/28 18:27:58.357,,,rȂ,ړȂ
2016/11/28 18:27:58.555,,,rȂ,ړȂ
2016/11/28 18:27:58.757,,,rȂ,ړȂ
2016/11/28 18:27:58.967,,,rȂ,ړȂ
2016/11/28 18:27:59.165,,,rȂ,ړȂ
2016/11/28 18:27:59.377,,,rȂ,ړȂ
2016/11/28 18:27:59.569,,,rȂ,ړȂ
2016/11/28 18:27:59.778,,,rȂ,ړȂ
2016/11/28 18:27:59.978,,,rȂ,ړȂ
2016/11/28 18:28:00.187,,,rȂ,ړȂ
2016/11/28 18:28:00.391,,,rȂ,ړȂ
2016/11/28 18:28:00.597,,,rȂ,ړȂ
2016/11/28 18:28:00.788,,,rȂ,ړȂ
2016/11/28 18:28:00.999,,,rȂ,ړȂ
2016/11/28 18:28:01.201,,,rȂ,ړȂ
2016/11/28 18:28:01.398,,,rȂ,ړȂ
2016/11/28 18:28:01.602,,,rȂ,ړȂ
2016/11/28 18:28:01.805,,,rȂ,ړȂ
2016/11/28 18:28:02.008,,,rȂ,ړȂ
2016/11/28 18:28:02.211,,,rȂ,ړȂ
2016/11/28 18:28:02.422,,,rȂ,ړȂ
2016/11/28 18:28:02.627,,,rȂ,ړȂ
2016/11/28 18:28:02.823,,,rȂ,ړȂ
2016/11/28 18:28:03.029,,,rȂ,ړȂ
2016/11/28 18:28:03.229,,,rȂ,ړȂ
2016/11/28 18:28:03.430,,,rȂ,ړȂ
2016/11/28 18:28:03.632,,,rȂ,ړȂ
2016/11/28 18:28:03.835,,,rȂ,ړȂ
2016/11/28 18:28:04.048,,,rȂ,ړȂ
2016/11/28 18:28:04.300,,,rȂ,ړȂ
2016/11/28 18:28:04.449,,,rȂ,ړȂ
2016/11/28 18:28:04.648,,,rȂ,ړȂ
2016/11/28 18:28:04.857,,,rȂ,ړȂ
2016/11/28 18:28:05.061,,,rȂ,ړȂ
2016/11/28 18:28:05.266,,,rȂ,ړȂ
2016/11/28 18:28:05.462,,,rȂ,ړȂ
2016/11/28 18:28:05.666,,,rȂ,ړȂ
2016/11/28 18:28:05.875,,,rȂ,ړȂ
2016/11/28 18:28:06.076,,,rȂ,ړȂ
2016/11/28 18:28:06.278,,,rȂ,ړȂ
2016/11/28 18:28:06.476,,,rȂ,ړȂ
2016/11/28 18:28:06.688,,,rȂ,ړȂ
2016/11/28 18:28:06.891,,,rȂ,ړȂ
2016/11/28 18:28:07.087,,,rȂ,ړȂ
2016/11/28 18:28:07.290,,,rȂ,ړȂ
2016/11/28 18:28:07.503,,,rȂ,ړȂ
2016/11/28 18:28:07.696,,,rȂ,ړȂ
2016/11/28 18:28:07.906,,,rȂ,ړȂ
2016/11/28 18:28:08.107,,,rȂ,ړȂ
2016/11/28 18:28:08.309,,,rȂ,ړȂ
2016/11/28 18:28:08.507,,,rȂ,ړȂ
2016/11/28 18:28:08.719,,,rȂ,ړȂ
2016/11/28 18:28:08.923,,,rȂ,ړȂ
2016/11/28 18:28:09.116,,,rȂ,ړȂ
2016/11/28 18:28:09.330,,,rȂ,ړȂ
2016/11/28 18:28:09.525,,,rȂ,ړȂ
2016/11/28 18:28:09.727,,,rȂ,ړȂ
2016/11/28 18:28:09.931,,,rȂ,ړȂ
2016/11/28 18:28:10.140,,,rȂ,ړȂ
2016/11/28 18:28:10.344,,,rȂ,ړȂ
2016/11/28 18:28:10.549,,,rȂ,ړȂ
2016/11/28 18:28:10.742,,,rȂ,ړȂ
2016/11/28 18:28:10.949,,,rȂ,ړȂ
2016/11/28 18:28:11.152,,,rȂ,ړȂ
2016/11/28 18:28:11.355,,,rȂ,ړȂ
2016/11/28 18:28:11.554,,,rȂ,ړȂ
2016/11/28 18:28:11.767,,,rȂ,ړȂ
2016/11/28 18:28:11.970,,,rȂ,ړȂ
2016/11/28 18:28:12.169,,,rȂ,ړȂ
2016/11/28 18:28:12.366,,,rȂ,ړȂ
2016/11/28 18:28:12.577,,,rȂ,ړȂ
2016/11/28 18:28:12.776,,,rȂ,ړȂ
2016/11/28 18:28:12.981,,,rȂ,ړȂ
2016/11/28 18:28:13.188,,,rȂ,ړȂ
2016/11/28 18:28:13.390,,,rȂ,ړȂ
2016/11/28 18:28:13.586,,,rȂ,ړȂ
2016/11/28 18:28:13.795,,,rȂ,ړȂ
2016/11/28 18:28:13.999,,,rȂ,ړȂ
2016/11/28 18:28:14.199,,,rȂ,ړȂ
2016/11/28 18:28:14.404,,,rȂ,ړȂ
2016/11/28 18:28:14.606,,,rȂ,ړȂ
2016/11/28 18:28:14.811,,,rȂ,ړȂ
2016/11/28 18:28:15.016,,,rȂ,ړȂ
2016/11/28 18:28:15.210,,,rȂ,ړȂ
2016/11/28 18:28:15.425,,,rȂ,ړȂ
2016/11/28 18:28:15.623,,,rȂ,ړȂ
2016/11/28 18:28:15.821,,,rȂ,ړȂ
2016/11/28 18:28:16.023,,,rȂ,ړȂ
2016/11/28 18:28:16.228,,,rȂ,ړȂ
2016/11/28 18:28:16.429,,,rȂ,ړȂ
2016/11/28 18:28:16.633,,,rȂ,ړȂ
2016/11/28 18:28:16.844,,,rȂ,ړȂ
2016/11/28 18:28:17.041,,,rȂ,ړȂ
2016/11/28 18:28:17.243,,,rȂ,ړȂ
2016/11/28 18:28:17.452,,,rȂ,ړȂ
2016/11/28 18:28:17.656,,,rȂ,ړȂ
2016/11/28 18:28:17.851,,,rȂ,ړȂ
2016/11/28 18:28:18.063,,,rȂ,ړȂ
2016/11/28 18:28:18.265,,,rȂ,ړȂ
2016/11/28 18:28:18.464,,,rȂ,ړȂ
2016/11/28 18:28:18.670,,,rȂ,ړȂ
2016/11/28 18:28:18.876,,,rȂ,ړȂ
2016/11/28 18:28:19.074,,,rȂ,ړȂ
2016/11/28 18:28:19.282,,,rȂ,ړȂ
2016/11/28 18:28:19.476,,,rȂ,ړȂ
2016/11/28 18:28:19.685,,,rȂ,ړȂ
2016/11/28 18:28:19.884,,,rȂ,ړȂ
2016/11/28 18:28:20.087,,,rȂ,ړȂ
2016/11/28 18:28:20.297,,,rȂ,ړȂ
2016/11/28 18:28:20.498,,,rȂ,ړȂ
2016/11/28 18:28:20.704,,,rȂ,ړȂ
2016/11/28 18:28:20.902,,,rȂ,ړȂ
2016/11/28 18:28:21.106,,,rȂ,ړȂ
2016/11/28 18:28:21.304,,,rȂ,ړȂ
2016/11/28 18:28:21.511,,,rȂ,ړȂ
2016/11/28 18:28:21.720,,,rȂ,ړȂ
2016/11/28 18:28:21.922,,,rȂ,ړȂ
2016/11/28 18:28:22.124,,,rȂ,ړȂ
2016/11/28 18:28:22.325,,,rȂ,ړȂ
2016/11/28 18:28:22.532,,,rȂ,ړȂ
2016/11/28 18:28:22.729,,,rȂ,ړȂ
2016/11/28 18:28:22.935,,,rȂ,ړȂ
2016/11/28 18:28:23.132,,,rȂ,ړȂ
2016/11/28 18:28:23.344,,,rȂ,ړȂ
2016/11/28 18:28:23.538,,,rȂ,ړȂ
2016/11/28 18:28:23.750,,,rȂ,ړȂ
2016/11/28 18:28:23.955,,,rȂ,ړȂ
2016/11/28 18:28:24.149,,,rȂ,ړȂ
2016/11/28 18:28:24.351,,,rȂ,ړȂ
2016/11/28 18:28:24.559,,,rȂ,ړȂ
2016/11/28 18:28:24.758,,,rȂ,ړȂ
2016/11/28 18:28:24.969,,,rȂ,ړȂ
2016/11/28 18:28:25.171,,,rȂ,ړȂ
2016/11/28 18:28:25.376,,,rȂ,ړȂ
2016/11/28 18:28:25.569,,,rȂ,ړȂ
2016/11/28 18:28:25.782,,,rȂ,ړȂ
2016/11/28 18:28:25.985,,,rȂ,ړȂ
2016/11/28 18:28:26.180,,,rȂ,ړȂ
2016/11/28 18:28:26.391,,,rȂ,ړȂ
2016/11/28 18:28:26.595,,,rȂ,ړȂ
2016/11/28 18:28:26.796,,,rȂ,ړȂ
2016/11/28 18:28:26.996,,,rȂ,ړȂ
2016/11/28 18:28:27.202,,,rȂ,ړȂ
2016/11/28 18:28:27.403,,,rȂ,ړȂ
2016/11/28 18:28:27.607,,,rȂ,ړȂ
2016/11/28 18:28:27.811,,,rȂ,ړȂ
2016/11/28 18:28:28.049,,,rȂ,ړȂ
2016/11/28 18:28:28.219,,,rȂ,ړȂ
2016/11/28 18:28:28.420,,,rȂ,ړȂ
2016/11/28 18:28:28.624,,,rȂ,ړȂ
2016/11/28 18:28:28.825,,,rȂ,ړȂ
2016/11/28 18:28:29.029,,,rȂ,ړȂ
2016/11/28 18:28:29.235,,,rȂ,ړȂ
2016/11/28 18:28:29.430,,,rȂ,ړȂ
2016/11/28 18:28:29.643,,,rȂ,ړȂ
2016/11/28 18:28:29.840,,,rȂ,ړȂ
2016/11/28 18:28:30.045,,,rȂ,ړȂ
2016/11/28 18:28:30.250,,,rȂ,ړȂ
2016/11/28 18:28:30.452,,,rȂ,ړȂ
2016/11/28 18:28:30.658,,,rȂ,ړȂ
2016/11/28 18:28:30.861,,,rȂ,ړȂ
2016/11/28 18:28:31.061,,,rȂ,ړȂ
2016/11/28 18:28:31.259,,,rȂ,ړȂ
2016/11/28 18:28:31.471,,,rȂ,ړȂ
2016/11/28 18:28:31.664,,,rȂ,ړȂ
2016/11/28 18:28:31.867,,,rȂ,ړȂ
2016/11/28 18:28:32.079,,,rȂ,ړȂ
2016/11/28 18:28:32.280,,,rȂ,ړȂ
2016/11/28 18:28:32.484,,,rȂ,ړȂ
2016/11/28 18:28:32.683,,,rȂ,ړȂ
2016/11/28 18:28:32.891,,,rȂ,ړȂ
2016/11/28 18:28:33.093,,,rȂ,ړȂ
2016/11/28 18:28:33.296,,,rȂ,ړȂ
2016/11/28 18:28:33.500,,,rȂ,ړȂ
2016/11/28 18:28:33.702,,,rȂ,ړȂ
2016/11/28 18:28:33.905,,,rȂ,ړȂ
2016/11/28 18:28:34.107,,,rȂ,ړȂ
2016/11/28 18:28:34.313,,,rȂ,ړȂ
2016/11/28 18:28:34.513,,,rȂ,ړȂ
2016/11/28 18:28:34.720,,,rȂ,ړȂ
2016/11/28 18:28:34.914,,,rȂ,ړȂ
2016/11/28 18:28:35.127,,,rȂ,ړȂ
2016/11/28 18:28:35.330,,,rȂ,ړȂ
2016/11/28 18:28:35.525,,,rȂ,ړȂ
2016/11/28 18:28:35.726,,,rȂ,ړȂ
2016/11/28 18:28:35.938,,,rȂ,ړȂ
2016/11/28 18:28:36.143,,,rȂ,ړȂ
2016/11/28 18:28:36.340,,,rȂ,ړȂ
2016/11/28 18:28:36.539,,,rȂ,ړȂ
2016/11/28 18:28:36.743,,,rȂ,ړȂ
2016/11/28 18:28:36.950,,,rȂ,ړȂ
2016/11/28 18:28:37.157,,,rȂ,ړȂ
2016/11/28 18:28:37.359,,,rȂ,ړȂ
2016/11/28 18:28:37.562,,,rȂ,ړȂ
2016/11/28 18:28:37.758,,,rȂ,ړȂ
2016/11/28 18:28:37.968,,,rȂ,ړȂ
2016/11/28 18:28:38.170,,,rȂ,ړȂ
2016/11/28 18:28:38.367,,,rȂ,ړȂ
2016/11/28 18:28:38.572,,,rȂ,ړȂ
2016/11/28 18:28:38.775,,,rȂ,ړȂ
2016/11/28 18:28:38.976,,,rȂ,ړȂ
2016/11/28 18:28:39.186,,,rȂ,ړȂ
2016/11/28 18:28:39.391,,,rȂ,ړȂ
2016/11/28 18:28:39.591,,,rȂ,ړȂ
2016/11/28 18:28:39.791,,,rȂ,ړȂ
2016/11/28 18:28:40.000,,,rȂ,ړȂ
2016/11/28 18:28:40.195,,,rȂ,ړȂ
2016/11/28 18:28:40.405,,,rȂ,ړȂ
2016/11/28 18:28:40.606,,,rȂ,ړȂ
2016/11/28 18:28:40.813,,,rȂ,ړȂ
2016/11/28 18:28:41.014,,,rȂ,ړȂ
2016/11/28 18:28:41.211,,,rȂ,ړȂ
2016/11/28 18:28:41.422,,,rȂ,ړȂ
2016/11/28 18:28:41.617,,,rȂ,ړȂ
2016/11/28 18:28:41.827,,,rȂ,ړȂ
2016/11/28 18:28:42.032,,,rȂ,ړȂ
2016/11/28 18:28:42.235,,,rȂ,ړȂ
2016/11/28 18:28:42.430,,,rȂ,ړȂ
2016/11/28 18:28:42.633,,,rȂ,ړȂ
2016/11/28 18:28:42.843,,,rȂ,ړȂ
2016/11/28 18:28:43.047,,,rȂ,ړȂ
2016/11/28 18:28:43.242,,,rȂ,ړȂ
2016/11/28 18:28:43.454,,,rȂ,ړȂ
2016/11/28 18:28:43.654,,,rȂ,ړȂ
2016/11/28 18:28:43.856,,,rȂ,ړȂ
2016/11/28 18:28:44.057,,,rȂ,ړȂ
2016/11/28 18:28:44.266,,,rȂ,ړȂ
2016/11/28 18:28:44.469,,,rȂ,ړȂ
2016/11/28 18:28:44.673,,,rȂ,ړȂ
2016/11/28 18:28:44.875,,,rȂ,ړȂ
2016/11/28 18:28:45.077,,,rȂ,ړȂ
2016/11/28 18:28:45.278,,,rȂ,ړȂ
2016/11/28 18:28:45.479,,,rȂ,ړȂ
2016/11/28 18:28:45.688,,,rȂ,ړȂ
2016/11/28 18:28:45.891,,,rȂ,ړȂ
2016/11/28 18:28:46.091,,,rȂ,ړȂ
2016/11/28 18:28:46.294,,,rȂ,ړȂ
2016/11/28 18:28:46.492,,,rȂ,ړȂ
2016/11/28 18:28:46.702,,,rȂ,ړȂ
2016/11/28 18:28:46.898,,,rȂ,ړȂ
2016/11/28 18:28:47.110,,,rȂ,ړȂ
2016/11/28 18:28:47.310,,,rȂ,ړȂ
2016/11/28 18:28:47.508,,,rȂ,ړȂ
2016/11/28 18:28:47.711,,,rȂ,ړȂ
2016/11/28 18:28:47.922,,,rȂ,ړȂ
2016/11/28 18:28:48.123,,,rȂ,ړȂ
2016/11/28 18:28:48.321,,,rȂ,ړȂ
2016/11/28 18:28:48.524,,,rȂ,ړȂ
2016/11/28 18:28:48.726,,,rȂ,ړȂ
2016/11/28 18:28:48.939,,,rȂ,ړȂ
2016/11/28 18:28:49.140,,,rȂ,ړȂ
2016/11/28 18:28:49.344,,,rȂ,ړȂ
2016/11/28 18:28:49.546,,,rȂ,ړȂ
2016/11/28 18:28:49.746,,,rȂ,ړȂ
2016/11/28 18:28:49.951,,,rȂ,ړȂ
2016/11/28 18:28:50.155,,,rȂ,ړȂ
2016/11/28 18:28:50.358,,,rȂ,ړȂ
2016/11/28 18:28:50.561,,,rȂ,ړȂ
2016/11/28 18:28:50.767,,,rȂ,ړȂ
2016/11/28 18:28:50.968,,,rȂ,ړȂ
2016/11/28 18:28:51.170,,,rȂ,ړȂ
2016/11/28 18:28:51.373,,,rȂ,ړȂ
2016/11/28 18:28:51.577,,,rȂ,ړȂ
2016/11/28 18:28:51.782,,,rȂ,ړȂ
2016/11/28 18:28:51.983,,,rȂ,ړȂ
2016/11/28 18:28:52.184,,,rȂ,ړȂ
2016/11/28 18:28:52.389,,,rȂ,ړȂ
2016/11/28 18:28:52.586,,,rȂ,ړȂ
2016/11/28 18:28:52.797,,,rȂ,ړȂ
2016/11/28 18:28:53.000,,,rȂ,ړȂ
2016/11/28 18:28:53.201,,,rȂ,ړȂ
2016/11/28 18:28:53.406,,,rȂ,ړȂ
2016/11/28 18:28:53.607,,,rȂ,ړȂ
2016/11/28 18:28:53.812,,,rȂ,ړȂ
2016/11/28 18:28:54.008,,,rȂ,ړȂ
2016/11/28 18:28:54.212,,,rȂ,ړȂ
2016/11/28 18:28:54.423,,,rȂ,ړȂ
2016/11/28 18:28:54.623,,,rȂ,ړȂ
2016/11/28 18:28:54.828,,,rȂ,ړȂ
2016/11/28 18:28:55.032,,,rȂ,ړȂ
2016/11/28 18:28:55.230,,,rȂ,ړȂ
2016/11/28 18:28:55.431,,,rȂ,ړȂ
2016/11/28 18:28:55.640,,,rȂ,ړȂ
2016/11/28 18:28:55.842,,,rȂ,ړȂ
2016/11/28 18:28:56.047,,,rȂ,ړȂ
2016/11/28 18:28:56.241,,,rȂ,ړȂ
2016/11/28 18:28:56.450,,,rȂ,ړȂ
2016/11/28 18:28:56.652,,,rȂ,ړȂ
2016/11/28 18:28:56.851,,,rȂ,ړȂ
2016/11/28 18:28:57.055,,,rȂ,ړȂ
2016/11/28 18:28:57.259,,,rȂ,ړȂ
2016/11/28 18:28:57.460,,,rȂ,ړȂ
2016/11/28 18:28:57.665,,,rȂ,ړȂ
2016/11/28 18:28:57.874,,,rȂ,ړȂ
2016/11/28 18:28:58.077,,,rȂ,ړȂ
2016/11/28 18:28:58.277,,,rȂ,ړȂ
2016/11/28 18:28:58.483,,,rȂ,ړȂ
2016/11/28 18:28:58.680,,,rȂ,ړȂ
2016/11/28 18:28:58.891,,,rȂ,ړȂ
2016/11/28 18:28:59.096,,,rȂ,ړȂ
2016/11/28 18:28:59.298,,,rȂ,ړȂ
2016/11/28 18:28:59.491,,,rȂ,ړȂ
2016/11/28 18:28:59.695,,,rȂ,ړȂ
2016/11/28 18:28:59.905,,,rȂ,ړȂ
2016/11/28 18:29:00.110,,,rȂ,ړȂ
2016/11/28 18:29:00.305,,,rȂ,ړȂ
2016/11/28 18:29:00.516,,,rȂ,ړȂ
2016/11/28 18:29:00.718,,,rȂ,ړȂ
2016/11/28 18:29:00.921,,,rȂ,ړȂ
2016/11/28 18:29:01.119,,,rȂ,ړȂ
2016/11/28 18:29:01.327,,,rȂ,ړȂ
2016/11/28 18:29:01.530,,,rȂ,ړȂ
2016/11/28 18:29:01.731,,,rȂ,ړȂ
2016/11/28 18:29:01.933,,,rȂ,ړȂ
2016/11/28 18:29:02.141,,,rȂ,ړȂ
2016/11/28 18:29:02.347,,,rȂ,ړȂ
2016/11/28 18:29:02.538,,,rȂ,ړȂ
2016/11/28 18:29:02.751,,,rȂ,ړȂ
2016/11/28 18:29:02.953,,,rȂ,ړȂ
2016/11/28 18:29:03.155,,,rȂ,ړȂ
2016/11/28 18:29:03.359,,,rȂ,ړȂ
2016/11/28 18:29:03.562,,,rȂ,ړȂ
2016/11/28 18:29:03.758,,,rȂ,ړȂ
2016/11/28 18:29:03.963,,,rȂ,ړȂ
2016/11/28 18:29:04.171,,,rȂ,ړȂ
2016/11/28 18:29:04.376,,,rȂ,ړȂ
2016/11/28 18:29:04.578,,,rȂ,ړȂ
2016/11/28 18:29:04.781,,,rȂ,ړȂ
2016/11/28 18:29:04.977,,,rȂ,ړȂ
2016/11/28 18:29:05.186,,,rȂ,ړȂ
2016/11/28 18:29:05.386,,,rȂ,ړȂ
2016/11/28 18:29:05.594,,,rȂ,ړȂ
2016/11/28 18:29:05.796,,,rȂ,ړȂ
2016/11/28 18:29:06.000,,,rȂ,ړȂ
2016/11/28 18:29:06.196,,,rȂ,ړȂ
2016/11/28 18:29:06.405,,,rȂ,ړȂ
2016/11/28 18:29:06.608,,,rȂ,ړȂ
2016/11/28 18:29:06.804,,,rȂ,ړȂ
2016/11/28 18:29:07.009,,,rȂ,ړȂ
2016/11/28 18:29:07.222,,,rȂ,ړȂ
2016/11/28 18:29:07.420,,,rȂ,ړȂ
2016/11/28 18:29:07.625,,,rȂ,ړȂ
2016/11/28 18:29:07.829,,,rȂ,ړȂ
2016/11/28 18:29:08.031,,,rȂ,ړȂ
2016/11/28 18:29:08.232,,,rȂ,ړȂ
2016/11/28 18:29:08.437,,,rȂ,ړȂ
2016/11/28 18:29:08.639,,,rȂ,ړȂ
2016/11/28 18:29:08.844,,,rȂ,ړȂ
2016/11/28 18:29:09.046,,,rȂ,ړȂ
2016/11/28 18:29:09.242,,,rȂ,ړȂ
2016/11/28 18:29:09.452,,,rȂ,ړȂ
2016/11/28 18:29:09.651,,,rȂ,ړȂ
2016/11/28 18:29:09.855,,,rȂ,ړȂ
2016/11/28 18:29:10.061,,,rȂ,ړȂ
2016/11/28 18:29:10.258,,,rȂ,ړȂ
2016/11/28 18:29:10.470,,,rȂ,ړȂ
2016/11/28 18:29:10.673,,,rȂ,ړȂ
2016/11/28 18:29:10.873,,,rȂ,ړȂ
2016/11/28 18:29:11.070,,,rȂ,ړȂ
2016/11/28 18:29:11.275,,,rȂ,ړȂ
2016/11/28 18:29:11.483,,,rȂ,ړȂ
2016/11/28 18:29:11.686,,,rȂ,ړȂ
2016/11/28 18:29:11.889,,,rȂ,ړȂ
2016/11/28 18:29:12.093,,,rȂ,ړȂ
2016/11/28 18:29:12.297,,,rȂ,ړȂ
2016/11/28 18:29:12.495,,,rȂ,ړȂ
2016/11/28 18:29:12.708,,,rȂ,ړȂ
2016/11/28 18:29:12.901,,,rȂ,ړȂ
2016/11/28 18:29:13.109,,,rȂ,ړȂ
2016/11/28 18:29:13.312,,,rȂ,ړȂ
2016/11/28 18:29:13.514,,,rȂ,ړȂ
2016/11/28 18:29:13.720,,,rȂ,ړȂ
2016/11/28 18:29:13.915,,,rȂ,ړȂ
2016/11/28 18:29:14.119,,,rȂ,ړȂ
2016/11/28 18:29:14.323,,,rȂ,ړȂ
2016/11/28 18:29:14.530,,,rȂ,ړȂ
2016/11/28 18:29:14.734,,,rȂ,ړȂ
2016/11/28 18:29:14.935,,,rȂ,ړȂ
2016/11/28 18:29:15.134,,,rȂ,ړȂ
2016/11/28 18:29:15.336,,,rȂ,ړȂ
2016/11/28 18:29:15.538,,,rȂ,ړȂ
2016/11/28 18:29:15.748,,,rȂ,ړȂ
2016/11/28 18:29:15.951,,,rȂ,ړȂ
2016/11/28 18:29:16.155,,,rȂ,ړȂ
2016/11/28 18:29:16.360,,,rȂ,ړȂ
2016/11/28 18:29:16.559,,,rȂ,ړȂ
2016/11/28 18:29:16.760,,,rȂ,ړȂ
2016/11/28 18:29:16.968,,,rȂ,ړȂ
2016/11/28 18:29:17.173,,,rȂ,ړȂ
2016/11/28 18:29:17.374,,,rȂ,ړȂ
2016/11/28 18:29:17.578,,,rȂ,ړȂ
2016/11/28 18:29:17.780,,,rȂ,ړȂ
2016/11/28 18:29:17.983,,,rȂ,ړȂ
2016/11/28 18:29:18.181,,,rȂ,ړȂ
2016/11/28 18:29:18.491,,,rȂ,ړȂ
2016/11/28 18:29:18.592,,,rȂ,ړȂ
2016/11/28 18:29:18.797,,,rȂ,ړȂ
2016/11/28 18:29:18.998,,,rȂ,ړȂ
2016/11/28 18:29:19.203,,,rȂ,ړȂ
2016/11/28 18:29:19.402,,,rȂ,ړȂ
2016/11/28 18:29:19.698,,,rȂ,ړȂ
2016/11/28 18:29:19.804,,,rȂ,ړȂ
2016/11/28 18:29:20.017,,,rȂ,ړȂ
2016/11/28 18:29:20.212,,,rȂ,ړȂ
2016/11/28 18:29:20.421,,,rȂ,ړȂ
2016/11/28 18:29:20.624,,,rȂ,ړȂ
2016/11/28 18:29:20.829,,,rȂ,ړȂ
2016/11/28 18:29:21.069,,,rȂ,ړȂ
2016/11/28 18:29:21.232,,,rȂ,ړȂ
2016/11/28 18:29:21.435,,,rȂ,ړȂ
2016/11/28 18:29:21.641,,,rȂ,ړȂ
2016/11/28 18:29:21.841,,,rȂ,ړȂ
2016/11/28 18:29:22.044,,,rȂ,ړȂ
2016/11/28 18:29:22.242,,,rȂ,ړȂ
2016/11/28 18:29:22.447,,,rȂ,ړȂ
2016/11/28 18:29:22.655,,,rȂ,ړȂ
2016/11/28 18:29:22.851,,,rȂ,ړȂ
2016/11/28 18:29:23.055,,,rȂ,ړȂ
2016/11/28 18:29:23.266,,,rȂ,ړȂ
2016/11/28 18:29:23.470,,,rȂ,ړȂ
2016/11/28 18:29:23.664,,,rȂ,ړȂ
2016/11/28 18:29:23.869,,,rȂ,ړȂ
2016/11/28 18:29:24.078,,,rȂ,ړȂ
2016/11/28 18:29:24.280,,,rȂ,ړȂ
2016/11/28 18:29:24.480,,,rȂ,ړȂ
2016/11/28 18:29:24.680,,,rȂ,ړȂ
2016/11/28 18:29:24.892,,,rȂ,ړȂ
2016/11/28 18:29:25.085,,,rȂ,ړȂ
2016/11/28 18:29:25.288,,,rȂ,ړȂ
2016/11/28 18:29:25.491,,,rȂ,ړȂ
2016/11/28 18:29:25.703,,,rȂ,ړȂ
2016/11/28 18:29:25.905,,,rȂ,ړȂ
2016/11/28 18:29:26.108,,,rȂ,ړȂ
2016/11/28 18:29:26.309,,,rȂ,ړȂ
2016/11/28 18:29:26.513,,,rȂ,ړȂ
2016/11/28 18:29:26.713,,,rȂ,ړȂ
2016/11/28 18:29:26.915,,,rȂ,ړȂ
2016/11/28 18:29:27.126,,,rȂ,ړȂ
2016/11/28 18:29:27.329,,,rȂ,ړȂ
2016/11/28 18:29:27.530,,,rȂ,ړȂ
2016/11/28 18:29:27.735,,,rȂ,ړȂ
2016/11/28 18:29:27.937,,,rȂ,ړȂ
2016/11/28 18:29:28.137,,,rȂ,ړȂ
2016/11/28 18:29:28.344,,,rȂ,ړȂ
2016/11/28 18:29:28.540,,,rȂ,ړȂ
2016/11/28 18:29:28.749,,,rȂ,ړȂ
2016/11/28 18:29:28.951,,,rȂ,ړȂ
2016/11/28 18:29:29.155,,,rȂ,ړȂ
2016/11/28 18:29:29.359,,,rȂ,ړȂ
2016/11/28 18:29:29.557,,,rȂ,ړȂ
2016/11/28 18:29:29.767,,,rȂ,ړȂ
2016/11/28 18:29:29.971,,,rȂ,ړȂ
2016/11/28 18:29:30.164,,,rȂ,ړȂ
2016/11/28 18:29:30.367,,,rȂ,ړȂ
2016/11/28 18:29:30.577,,,rȂ,ړȂ
2016/11/28 18:29:30.773,,,rȂ,ړȂ
2016/11/28 18:29:30.977,,,rȂ,ړȂ
2016/11/28 18:29:31.186,,,rȂ,ړȂ
2016/11/28 18:29:31.392,,,rȂ,ړȂ
2016/11/28 18:29:31.600,,,rȂ,ړȂ
2016/11/28 18:29:31.796,,,rȂ,ړȂ
2016/11/28 18:29:32.000,,,rȂ,ړȂ
2016/11/28 18:29:32.200,,,rȂ,ړȂ
2016/11/28 18:29:32.408,,,rȂ,ړȂ
2016/11/28 18:29:32.608,,,rȂ,ړȂ
2016/11/28 18:29:32.813,,,rȂ,ړȂ
2016/11/28 18:29:33.017,,,rȂ,ړȂ
2016/11/28 18:29:33.213,,,rȂ,ړȂ
2016/11/28 18:29:33.428,,,rȂ,ړȂ
2016/11/28 18:29:33.624,,,rȂ,ړȂ
2016/11/28 18:29:33.821,,,rȂ,ړȂ
2016/11/28 18:29:34.029,,,rȂ,ړȂ
2016/11/28 18:29:34.233,,,rȂ,ړȂ
2016/11/28 18:29:34.430,,,rȂ,ړȂ
2016/11/28 18:29:34.642,,,rȂ,ړȂ
2016/11/28 18:29:34.844,,,rȂ,ړȂ
2016/11/28 18:29:35.039,,,rȂ,ړȂ
2016/11/28 18:29:35.248,,,rȂ,ړȂ
2016/11/28 18:29:35.445,,,rȂ,ړȂ
2016/11/28 18:29:35.655,,,rȂ,ړȂ
2016/11/28 18:29:35.859,,,rȂ,ړȂ
2016/11/28 18:29:36.063,,,rȂ,ړȂ
2016/11/28 18:29:36.258,,,rȂ,ړȂ
2016/11/28 18:29:36.469,,,rȂ,ړȂ
2016/11/28 18:29:36.664,,,rȂ,ړȂ
2016/11/28 18:29:36.876,,,rȂ,ړȂ
2016/11/28 18:29:37.078,,,rȂ,ړȂ
2016/11/28 18:29:37.274,,,rȂ,ړȂ
2016/11/28 18:29:37.593,,,rȂ,ړȂ
2016/11/28 18:29:37.687,,,rȂ,ړȂ
2016/11/28 18:29:37.884,,,rȂ,ړȂ
2016/11/28 18:29:38.088,,,rȂ,ړȂ
2016/11/28 18:29:38.296,,,rȂ,ړȂ
2016/11/28 18:29:38.492,,,rȂ,ړȂ
2016/11/28 18:29:38.700,,,rȂ,ړȂ
2016/11/28 18:29:38.905,,,rȂ,ړȂ
2016/11/28 18:29:39.110,,,rȂ,ړȂ
2016/11/28 18:29:39.304,,,rȂ,ړȂ
2016/11/28 18:29:39.510,,,rȂ,ړȂ
2016/11/28 18:29:39.733,,,rȂ,ړȂ
2016/11/28 18:29:39.918,,,rȂ,ړȂ
2016/11/28 18:29:40.120,,,rȂ,ړȂ
2016/11/28 18:29:40.328,,,rȂ,ړȂ
2016/11/28 18:29:40.527,,,rȂ,ړȂ
2016/11/28 18:29:40.726,,,rȂ,ړȂ
2016/11/28 18:29:40.935,,,rȂ,ړȂ
2016/11/28 18:29:41.132,,,rȂ,ړȂ
2016/11/28 18:29:41.344,,,rȂ,ړȂ
2016/11/28 18:29:41.538,,,rȂ,ړȂ
2016/11/28 18:29:41.742,,,rȂ,ړȂ
2016/11/28 18:29:41.950,,,rȂ,ړȂ
2016/11/28 18:29:42.152,,,rȂ,ړȂ
2016/11/28 18:29:42.355,,,rȂ,ړȂ
2016/11/28 18:29:42.562,,,rȂ,ړȂ
2016/11/28 18:29:42.759,,,rȂ,ړȂ
2016/11/28 18:29:42.974,,,rȂ,ړȂ
2016/11/28 18:29:43.170,,,rȂ,ړȂ
2016/11/28 18:29:43.367,,,rȂ,ړȂ
2016/11/28 18:29:43.576,,,rȂ,ړȂ
2016/11/28 18:29:43.775,,,rȂ,ړȂ
2016/11/28 18:29:43.982,,,rȂ,ړȂ
2016/11/28 18:29:44.188,,,rȂ,ړȂ
2016/11/28 18:29:44.392,,,rȂ,ړȂ
2016/11/28 18:29:44.587,,,rȂ,ړȂ
2016/11/28 18:29:44.796,,,rȂ,ړȂ
2016/11/28 18:29:44.996,,,rȂ,ړȂ
2016/11/28 18:29:45.195,,,rȂ,ړȂ
2016/11/28 18:29:45.405,,,rȂ,ړȂ
2016/11/28 18:29:45.601,,,rȂ,ړȂ
2016/11/28 18:29:45.812,,,rȂ,ړȂ
2016/11/28 18:29:46.016,,,rȂ,ړȂ
2016/11/28 18:29:46.220,,,rȂ,ړȂ
2016/11/28 18:29:46.423,,,rȂ,ړȂ
2016/11/28 18:29:46.620,,,rȂ,ړȂ
2016/11/28 18:29:46.837,,,rȂ,ړȂ
2016/11/28 18:29:47.032,gC,,rȂ,ړȂ
2016/11/28 18:29:47.233,gC,,rȂ,ړȂ
2016/11/28 18:29:47.436,gC,,rȂ,ړȂ
2016/11/28 18:29:47.641,gC,,rȂ,ړȂ
2016/11/28 18:29:47.843,gC,,rȂ,ړȂ
2016/11/28 18:29:48.039,gC,,rȂ,ړȂ
2016/11/28 18:29:48.242,gC,,rȂ,ړȂ
2016/11/28 18:29:48.452,,,rȂ,ړȂ
2016/11/28 18:29:48.654,,,rȂ,ړȂ
2016/11/28 18:29:48.858,,,rȂ,ړȂ
2016/11/28 18:29:49.062,,,rȂ,ړȂ
2016/11/28 18:29:49.258,,,rȂ,ړȂ
2016/11/28 18:29:49.464,,,rȂ,ړȂ
2016/11/28 18:29:49.665,,,rȂ,ړȂ
2016/11/28 18:29:49.874,,,rȂ,ړȂ
2016/11/28 18:29:50.078,,,rȂ,ړȂ
2016/11/28 18:29:50.279,,,rȂ,ړȂ
2016/11/28 18:29:50.481,,,rȂ,ړȂ
2016/11/28 18:29:50.684,,,rȂ,ړȂ
2016/11/28 18:29:50.882,,,rȂ,ړȂ
2016/11/28 18:29:51.095,,,rȂ,ړȂ
2016/11/28 18:29:51.297,,,rȂ,ړȂ
2016/11/28 18:29:51.500,,,rȂ,ړȂ
2016/11/28 18:29:51.699,,,rȂ,ړȂ
2016/11/28 18:29:51.899,,,rȂ,ړȂ
2016/11/28 18:29:52.110,,,rȂ,ړȂ
2016/11/28 18:29:52.307,,,rȂ,ړȂ
2016/11/28 18:29:52.514,,,rȂ,ړȂ
2016/11/28 18:29:52.717,,,rȂ,ړȂ
2016/11/28 18:29:52.921,,,rȂ,ړȂ
2016/11/28 18:29:53.125,,,rȂ,ړȂ
2016/11/28 18:29:53.319,,,rȂ,ړȂ
2016/11/28 18:29:53.523,,,rȂ,ړȂ
2016/11/28 18:29:53.729,,,rȂ,ړȂ
2016/11/28 18:29:53.938,,,rȂ,ړȂ
2016/11/28 18:29:54.142,,,rȂ,ړȂ
2016/11/28 18:29:54.347,,,rȂ,ړȂ
2016/11/28 18:29:54.546,,,rȂ,ړȂ
2016/11/28 18:29:54.742,,,rȂ,ړȂ
2016/11/28 18:29:54.949,,,rȂ,ړȂ
2016/11/28 18:29:55.150,,,rȂ,ړȂ
2016/11/28 18:29:55.361,,,rȂ,ړȂ
2016/11/28 18:29:55.564,,,rȂ,ړȂ
2016/11/28 18:29:55.764,,,rȂ,ړȂ
2016/11/28 18:29:55.967,,,rȂ,ړȂ
2016/11/28 18:29:56.173,,,rȂ,ړȂ
2016/11/28 18:29:56.366,,,rȂ,ړȂ
2016/11/28 18:29:56.575,,,rȂ,ړȂ
2016/11/28 18:29:56.782,,,rȂ,ړȂ
2016/11/28 18:29:56.983,,,rȂ,ړȂ
2016/11/28 18:29:57.186,,,rȂ,ړȂ
2016/11/28 18:29:57.392,,,rȂ,ړȂ
2016/11/28 18:29:57.593,,,rȂ,ړȂ
2016/11/28 18:29:57.789,,,rȂ,ړȂ
2016/11/28 18:29:57.999,,,rȂ,ړȂ
2016/11/28 18:29:58.195,,,rȂ,ړȂ
2016/11/28 18:29:58.403,,,rȂ,ړȂ
2016/11/28 18:29:58.607,,,rȂ,ړȂ
2016/11/28 18:29:58.809,,,rȂ,ړȂ
2016/11/28 18:29:59.014,,,rȂ,ړȂ
2016/11/28 18:29:59.218,,,rȂ,ړȂ
2016/11/28 18:29:59.414,,,rȂ,ړȂ
2016/11/28 18:29:59.627,,,rȂ,ړȂ
2016/11/28 18:29:59.827,,,rȂ,ړȂ
2016/11/28 18:30:00.028,,,rȂ,ړȂ
2016/11/28 18:30:00.235,,,rȂ,ړȂ
2016/11/28 18:30:00.435,,,rȂ,ړȂ
2016/11/28 18:30:00.633,,,rȂ,ړȂ
2016/11/28 18:30:00.837,,,rȂ,ړȂ
2016/11/28 18:30:01.038,,,rȂ,ړȂ
2016/11/28 18:30:01.253,,,rȂ,ړȂ
2016/11/28 18:30:01.446,,,rȂ,ړȂ
2016/11/28 18:30:01.653,,,rȂ,ړȂ
2016/11/28 18:30:01.856,,,rȂ,ړȂ
2016/11/28 18:30:02.061,,,rȂ,ړȂ
2016/11/28 18:30:02.260,,,rȂ,ړȂ
2016/11/28 18:30:02.471,,,rȂ,ړȂ
2016/11/28 18:30:02.670,,,rȂ,ړȂ
2016/11/28 18:30:02.873,,,rȂ,ړȂ
2016/11/28 18:30:03.078,,,rȂ,ړȂ
2016/11/28 18:30:03.272,,,rȂ,ړȂ
2016/11/28 18:30:03.485,,,rȂ,ړȂ
2016/11/28 18:30:03.684,,,rȂ,ړȂ
2016/11/28 18:30:03.889,,,rȂ,ړȂ
2016/11/28 18:30:04.095,,,rȂ,ړȂ
2016/11/28 18:30:04.299,,,rȂ,ړȂ
2016/11/28 18:30:04.502,,,rȂ,ړȂ
2016/11/28 18:30:04.696,,,rȂ,ړȂ
2016/11/28 18:30:04.905,,,rȂ,ړȂ
2016/11/28 18:30:05.104,,,rȂ,ړȂ
2016/11/28 18:30:05.314,,,rȂ,ړȂ
2016/11/28 18:30:05.516,,,rȂ,ړȂ
2016/11/28 18:30:05.719,,,rȂ,ړȂ
2016/11/28 18:30:05.913,,,rȂ,ړȂ
2016/11/28 18:30:06.126,,,rȂ,ړȂ
2016/11/28 18:30:06.324,,,rȂ,ړȂ
2016/11/28 18:30:06.526,,,rȂ,ړȂ
2016/11/28 18:30:06.726,,,rȂ,ړȂ
2016/11/28 18:30:06.930,,,rȂ,ړȂ
2016/11/28 18:30:07.133,,,rȂ,ړȂ
2016/11/28 18:30:07.344,,,rȂ,ړȂ
2016/11/28 18:30:07.550,,,rȂ,ړȂ
2016/11/28 18:30:07.749,,,rȂ,ړȂ
2016/11/28 18:30:07.946,,,rȂ,ړȂ
2016/11/28 18:30:08.150,,,rȂ,ړȂ
2016/11/28 18:30:08.358,,,rȂ,ړȂ
2016/11/28 18:30:08.561,,,rȂ,ړȂ
2016/11/28 18:30:08.765,,,rȂ,ړȂ
2016/11/28 18:30:08.969,,,rȂ,ړȂ
2016/11/28 18:30:09.163,,,rȂ,ړȂ
2016/11/28 18:30:09.367,,,rȂ,ړȂ
2016/11/28 18:30:09.575,,,rȂ,ړȂ
2016/11/28 18:30:09.781,,,rȂ,ړȂ
2016/11/28 18:30:09.976,,,rȂ,ړȂ
2016/11/28 18:30:10.180,,,rȂ,ړȂ
2016/11/28 18:30:10.392,,,rȂ,ړȂ
2016/11/28 18:30:10.593,,,rȂ,ړȂ
2016/11/28 18:30:10.791,,,rȂ,ړȂ
2016/11/28 18:30:10.993,,,rȂ,ړȂ
2016/11/28 18:30:11.204,,,rȂ,ړȂ
2016/11/28 18:30:11.405,,,rȂ,ړȂ
2016/11/28 18:30:11.607,,,rȂ,ړȂ
2016/11/28 18:30:11.812,,,rȂ,ړȂ
2016/11/28 18:30:12.008,,,rȂ,ړȂ
2016/11/28 18:30:12.214,,,rȂ,ړȂ
2016/11/28 18:30:12.421,,,rȂ,ړȂ
2016/11/28 18:30:12.617,,,rȂ,ړȂ
2016/11/28 18:30:12.828,,,rȂ,ړȂ
2016/11/28 18:30:13.023,,,rȂ,ړȂ
2016/11/28 18:30:13.232,,,rȂ,ړȂ
2016/11/28 18:30:13.430,,,rȂ,ړȂ
2016/11/28 18:30:13.632,,,rȂ,ړȂ
2016/11/28 18:30:13.842,,,rȂ,ړȂ
2016/11/28 18:30:14.047,,,rȂ,ړȂ
2016/11/28 18:30:14.251,,,rȂ,ړȂ
2016/11/28 18:30:14.454,,,rȂ,ړȂ
2016/11/28 18:30:14.655,,,rȂ,ړȂ
2016/11/28 18:30:14.858,,,rȂ,ړȂ
2016/11/28 18:30:15.058,,,rȂ,ړȂ
2016/11/28 18:30:15.267,,,rȂ,ړȂ
2016/11/28 18:30:15.460,,,rȂ,ړȂ
2016/11/28 18:30:15.672,,,rȂ,ړȂ
2016/11/28 18:30:15.868,,,rȂ,ړȂ
2016/11/28 18:30:16.075,,,rȂ,ړȂ
2016/11/28 18:30:16.279,,,rȂ,ړȂ
2016/11/28 18:30:16.476,,,rȂ,ړȂ
2016/11/28 18:30:16.687,,,rȂ,ړȂ
2016/11/28 18:30:16.891,,,rȂ,ړȂ
2016/11/28 18:30:17.093,,,rȂ,ړȂ
2016/11/28 18:30:17.297,,,rȂ,ړȂ
2016/11/28 18:30:17.501,,,rȂ,ړȂ
2016/11/28 18:30:17.702,,,rȂ,ړȂ
2016/11/28 18:30:17.903,,,rȂ,ړȂ
2016/11/28 18:30:18.109,,,rȂ,ړȂ
2016/11/28 18:30:18.310,,,rȂ,ړȂ
2016/11/28 18:30:18.507,,,rȂ,ړȂ
2016/11/28 18:30:18.712,,,rȂ,ړȂ
2016/11/28 18:30:18.921,,,rȂ,ړȂ
2016/11/28 18:30:19.117,,,rȂ,ړȂ
2016/11/28 18:30:19.324,,,rȂ,ړȂ
2016/11/28 18:30:19.529,,,rȂ,ړȂ
2016/11/28 18:30:19.731,,,rȂ,ړȂ
2016/11/28 18:30:19.935,,,rȂ,ړȂ
2016/11/28 18:30:20.133,,,rȂ,ړȂ
2016/11/28 18:30:20.344,,,rȂ,ړȂ
2016/11/28 18:30:20.549,,,rȂ,ړȂ
2016/11/28 18:30:20.741,,,rȂ,ړȂ
2016/11/28 18:30:20.954,,,rȂ,ړȂ
2016/11/28 18:30:21.155,,,rȂ,ړȂ
2016/11/28 18:30:21.351,,,rȂ,ړȂ
2016/11/28 18:30:21.563,,,rȂ,ړȂ
2016/11/28 18:30:21.757,,,rȂ,ړȂ
2016/11/28 18:30:21.960,,,rȂ,ړȂ
2016/11/28 18:30:22.167,,,rȂ,ړȂ
2016/11/28 18:30:22.374,,,rȂ,ړȂ
2016/11/28 18:30:22.578,,,rȂ,ړȂ
2016/11/28 18:30:22.782,,,rȂ,ړȂ
2016/11/28 18:30:22.982,,,rȂ,ړȂ
2016/11/28 18:30:23.187,,,rȂ,ړȂ
2016/11/28 18:30:23.391,,,rȂ,ړȂ
2016/11/28 18:30:23.587,,,rȂ,ړȂ
2016/11/28 18:30:23.791,,,rȂ,ړȂ
2016/11/28 18:30:24.000,,,rȂ,ړȂ
2016/11/28 18:30:24.201,,,rȂ,ړȂ
2016/11/28 18:30:24.406,,,rȂ,ړȂ
2016/11/28 18:30:24.609,,,rȂ,ړȂ
2016/11/28 18:30:24.812,,,rȂ,ړȂ
2016/11/28 18:30:25.009,,,rȂ,ړȂ
2016/11/28 18:30:25.219,,,rȂ,ړȂ
2016/11/28 18:30:25.423,,,rȂ,ړȂ
2016/11/28 18:30:25.626,,,rȂ,ړȂ
2016/11/28 18:30:25.821,,,rȂ,ړȂ
2016/11/28 18:30:26.025,,,rȂ,ړȂ
2016/11/28 18:30:26.236,,,rȂ,ړȂ
2016/11/28 18:30:26.432,,,rȂ,ړȂ
2016/11/28 18:30:26.642,,,rȂ,ړȂ
2016/11/28 18:30:26.836,,,rȂ,ړȂ
2016/11/28 18:30:27.048,,,rȂ,ړȂ
2016/11/28 18:30:27.253,,,rȂ,ړȂ
2016/11/28 18:30:27.453,,,rȂ,ړȂ
2016/11/28 18:30:27.648,,,rȂ,ړȂ
2016/11/28 18:30:27.851,,,rȂ,ړȂ
2016/11/28 18:30:28.054,,,rȂ,ړȂ
2016/11/28 18:30:28.264,,,rȂ,ړȂ
2016/11/28 18:30:28.470,,,rȂ,ړȂ
2016/11/28 18:30:28.665,,,rȂ,ړȂ
2016/11/28 18:30:28.877,,,rȂ,ړȂ
2016/11/28 18:30:29.074,,,rȂ,ړȂ
2016/11/28 18:30:29.278,,,rȂ,ړȂ
2016/11/28 18:30:29.484,,,rȂ,ړȂ
2016/11/28 18:30:29.688,,,rȂ,ړȂ
2016/11/28 18:30:29.892,,,rȂ,ړȂ
2016/11/28 18:30:30.087,,,rȂ,ړȂ
2016/11/28 18:30:30.296,,,rȂ,ړȂ
2016/11/28 18:30:30.500,,,rȂ,ړȂ
2016/11/28 18:30:30.698,,,rȂ,ړȂ
2016/11/28 18:30:30.903,,,rȂ,ړȂ
2016/11/28 18:30:31.101,,,rȂ,ړȂ
2016/11/28 18:30:31.311,,,rȂ,ړȂ
2016/11/28 18:30:31.507,,,rȂ,ړȂ
2016/11/28 18:30:31.717,,,rȂ,ړȂ
2016/11/28 18:30:31.920,,,rȂ,ړȂ
2016/11/28 18:30:32.117,,,rȂ,ړȂ
2016/11/28 18:30:32.328,,,rȂ,ړȂ
2016/11/28 18:30:32.523,,,rȂ,ړȂ
2016/11/28 18:30:32.732,,,rȂ,ړȂ
2016/11/28 18:30:32.930,,,rȂ,ړȂ
2016/11/28 18:30:33.142,,,rȂ,ړȂ
2016/11/28 18:30:33.336,,,rȂ,ړȂ
2016/11/28 18:30:33.542,,,rȂ,ړȂ
2016/11/28 18:30:33.749,,,rȂ,ړȂ
2016/11/28 18:30:33.949,,,rȂ,ړȂ
2016/11/28 18:30:34.154,,,rȂ,ړȂ
2016/11/28 18:30:34.355,,,rȂ,ړȂ
2016/11/28 18:30:34.563,,,rȂ,ړȂ
2016/11/28 18:30:34.765,,,rȂ,ړȂ
2016/11/28 18:30:34.961,,,rȂ,ړȂ
2016/11/28 18:30:35.173,,,rȂ,ړȂ
2016/11/28 18:30:35.367,,,rȂ,ړȂ
2016/11/28 18:30:35.575,,,rȂ,ړȂ
2016/11/28 18:30:35.782,,,rȂ,ړȂ
2016/11/28 18:30:35.976,,,rȂ,ړȂ
2016/11/28 18:30:36.186,,,rȂ,ړȂ
2016/11/28 18:30:36.382,,,rȂ,ړȂ
2016/11/28 18:30:36.593,,,rȂ,ړȂ
2016/11/28 18:30:36.797,,,rȂ,ړȂ
2016/11/28 18:30:36.998,,,rȂ,ړȂ
2016/11/28 18:30:37.206,,,rȂ,ړȂ
2016/11/28 18:30:37.406,,,rȂ,ړȂ
2016/11/28 18:30:37.609,,,rȂ,ړȂ
2016/11/28 18:30:37.807,,,rȂ,ړȂ
2016/11/28 18:30:38.014,,,rȂ,ړȂ
2016/11/28 18:30:38.218,,,rȂ,ړȂ
2016/11/28 18:30:38.423,,,rȂ,ړȂ
2016/11/28 18:30:38.628,,,rȂ,ړȂ
2016/11/28 18:30:38.829,,,rȂ,ړȂ
2016/11/28 18:30:39.032,,,rȂ,ړȂ
2016/11/28 18:30:39.228,,,rȂ,ړȂ
2016/11/28 18:30:39.434,,,rȂ,ړȂ
2016/11/28 18:30:39.632,,,rȂ,ړȂ
2016/11/28 18:30:39.836,,,rȂ,ړȂ
2016/11/28 18:30:40.046,,,rȂ,ړȂ
2016/11/28 18:30:40.250,,,rȂ,ړȂ
2016/11/28 18:30:40.453,,,rȂ,ړȂ
2016/11/28 18:30:40.651,,,rȂ,ړȂ
2016/11/28 18:30:40.860,,,rȂ,ړȂ
2016/11/28 18:30:41.063,,,rȂ,ړȂ
2016/11/28 18:30:41.266,,,rȂ,ړȂ
2016/11/28 18:30:41.463,,,rȂ,ړȂ
2016/11/28 18:30:41.674,,,rȂ,ړȂ
2016/11/28 18:30:41.867,,,rȂ,ړȂ
2016/11/28 18:30:42.071,,,rȂ,ړȂ
2016/11/28 18:30:42.282,,,rȂ,ړȂ
2016/11/28 18:30:42.476,,,rȂ,ړȂ
2016/11/28 18:30:42.687,,,rȂ,ړȂ
2016/11/28 18:30:42.890,,,rȂ,ړȂ
2016/11/28 18:30:43.095,,,rȂ,ړȂ
2016/11/28 18:30:43.295,,,rȂ,ړȂ
2016/11/28 18:30:43.494,,,rȂ,ړȂ
2016/11/28 18:30:43.700,,,rȂ,ړȂ
2016/11/28 18:30:43.898,,,rȂ,ړȂ
2016/11/28 18:30:44.106,,,rȂ,ړȂ
2016/11/28 18:30:44.312,,,rȂ,ړȂ
2016/11/28 18:30:44.508,,,rȂ,ړȂ
2016/11/28 18:30:44.710,,,rȂ,ړȂ
2016/11/28 18:30:44.914,,,rȂ,ړȂ
2016/11/28 18:30:45.127,,,rȂ,ړȂ
2016/11/28 18:30:45.321,,,rȂ,ړȂ
2016/11/28 18:30:45.524,,,rȂ,ړȂ
2016/11/28 18:30:45.734,,,rȂ,ړȂ
2016/11/28 18:30:45.938,,,rȂ,ړȂ
2016/11/28 18:30:46.136,,,rȂ,ړȂ
2016/11/28 18:30:46.339,,,rȂ,ړȂ
2016/11/28 18:30:46.539,,,rȂ,ړȂ
2016/11/28 18:30:46.752,,,rȂ,ړȂ
2016/11/28 18:30:46.952,,,rȂ,ړȂ
2016/11/28 18:30:47.148,,,rȂ,ړȂ
2016/11/28 18:30:47.351,,,rȂ,ړȂ
2016/11/28 18:30:47.561,,,rȂ,ړȂ
2016/11/28 18:30:47.759,,,rȂ,ړȂ
2016/11/28 18:30:47.962,,,rȂ,ړȂ
2016/11/28 18:30:48.173,,,rȂ,ړȂ
2016/11/28 18:30:48.377,,,rȂ,ړȂ
2016/11/28 18:30:48.615,,,rȂ,ړȂ
2016/11/28 18:30:48.779,,,rȂ,ړȂ
2016/11/28 18:30:48.978,,,rȂ,ړȂ
2016/11/28 18:30:49.182,,,rȂ,ړȂ
2016/11/28 18:30:49.390,,,rȂ,ړȂ
2016/11/28 18:30:49.593,,,rȂ,ړȂ
2016/11/28 18:30:49.799,,,rȂ,ړȂ
2016/11/28 18:30:49.996,,,rȂ,ړȂ
2016/11/28 18:30:50.215,,,rȂ,ړȂ
2016/11/28 18:30:50.402,,,rȂ,ړȂ
2016/11/28 18:30:50.602,,,rȂ,ړȂ
2016/11/28 18:30:50.809,,,rȂ,ړȂ
2016/11/28 18:30:51.017,,,rȂ,ړȂ
2016/11/28 18:30:51.221,,,rȂ,ړȂ
2016/11/28 18:30:51.423,,,rȂ,ړȂ
2016/11/28 18:30:51.617,,,rȂ,ړȂ
2016/11/28 18:30:51.830,,,rȂ,ړȂ
2016/11/28 18:30:52.028,,,rȂ,ړȂ
2016/11/28 18:30:52.225,,,rȂ,ړȂ
2016/11/28 18:30:52.438,,,rȂ,ړȂ
2016/11/28 18:30:52.632,,,rȂ,ړȂ
2016/11/28 18:30:52.844,,,rȂ,ړȂ
2016/11/28 18:30:53.048,,,rȂ,ړȂ
2016/11/28 18:30:53.243,,,rȂ,ړȂ
2016/11/28 18:30:53.446,,,rȂ,ړȂ
2016/11/28 18:30:53.657,,,rȂ,ړȂ
2016/11/28 18:30:53.852,,,rȂ,ړȂ
2016/11/28 18:30:54.063,,,rȂ,ړȂ
2016/11/28 18:30:54.258,,,rȂ,ړȂ
2016/11/28 18:30:54.470,,,rȂ,ړȂ
2016/11/28 18:30:54.665,,,rȂ,ړȂ
2016/11/28 18:30:54.870,,,rȂ,ړȂ
2016/11/28 18:30:55.072,,,rȂ,ړȂ
2016/11/28 18:30:55.281,,,rȂ,ړȂ
2016/11/28 18:30:55.486,,,rȂ,ړȂ
2016/11/28 18:30:55.685,,,rȂ,ړȂ
2016/11/28 18:30:55.892,,,rȂ,ړȂ
2016/11/28 18:30:56.087,,,rȂ,ړȂ
2016/11/28 18:30:56.293,,,rȂ,ړȂ
2016/11/28 18:30:56.493,,,rȂ,ړȂ
2016/11/28 18:30:56.695,,,rȂ,ړȂ
2016/11/28 18:30:56.900,,,rȂ,ړȂ
2016/11/28 18:30:57.102,,,rȂ,ړȂ
2016/11/28 18:30:57.313,,,rȂ,ړȂ
2016/11/28 18:30:57.508,,,rȂ,ړȂ
2016/11/28 18:30:57.712,,,rȂ,ړȂ
2016/11/28 18:30:57.923,,,rȂ,ړȂ
2016/11/28 18:30:58.118,,,rȂ,ړȂ
2016/11/28 18:30:58.325,,,rȂ,ړȂ
2016/11/28 18:30:58.530,,,rȂ,ړȂ
2016/11/28 18:30:58.734,,,rȂ,ړȂ
2016/11/28 18:30:58.929,,,rȂ,ړȂ
2016/11/28 18:30:59.136,,,rȂ,ړȂ
2016/11/28 18:30:59.345,,,rȂ,ړȂ
2016/11/28 18:30:59.547,,,rȂ,ړȂ
2016/11/28 18:30:59.750,,,rȂ,ړȂ
2016/11/28 18:30:59.954,,,rȂ,ړȂ
2016/11/28 18:31:00.150,,,rȂ,ړȂ
2016/11/28 18:31:00.358,,,rȂ,ړȂ
2016/11/28 18:31:00.556,,,rȂ,ړȂ
2016/11/28 18:31:00.767,,,rȂ,ړȂ
2016/11/28 18:31:00.966,,,rȂ,ړȂ
2016/11/28 18:31:01.173,,,rȂ,ړȂ
2016/11/28 18:31:01.373,,,rȂ,ړȂ
2016/11/28 18:31:01.576,,,rȂ,ړȂ
2016/11/28 18:31:01.780,,,rȂ,ړȂ
2016/11/28 18:31:01.977,,,rȂ,ړȂ
2016/11/28 18:31:02.184,,,rȂ,ړȂ
2016/11/28 18:31:02.388,,,rȂ,ړȂ
2016/11/28 18:31:02.594,,,rȂ,ړȂ
2016/11/28 18:31:02.798,,,rȂ,ړȂ
2016/11/28 18:31:02.992,,,rȂ,ړȂ
2016/11/28 18:31:03.196,,,rȂ,ړȂ
2016/11/28 18:31:03.403,,,rȂ,ړȂ
2016/11/28 18:31:03.607,,,rȂ,ړȂ
2016/11/28 18:31:03.812,,,rȂ,ړȂ
2016/11/28 18:31:04.014,,,rȂ,ړȂ
2016/11/28 18:31:04.213,,,rȂ,ړȂ
2016/11/28 18:31:04.423,,,rȂ,ړȂ
2016/11/28 18:31:04.627,,,rȂ,ړȂ
2016/11/28 18:31:04.825,,,rȂ,ړȂ
2016/11/28 18:31:05.029,,,rȂ,ړȂ
2016/11/28 18:31:05.234,,,rȂ,ړȂ
2016/11/28 18:31:05.433,,,rȂ,ړȂ
2016/11/28 18:31:05.632,,,rȂ,ړȂ
2016/11/28 18:31:05.844,,,rȂ,ړȂ
2016/11/28 18:31:06.039,,,rȂ,ړȂ
2016/11/28 18:31:06.244,,,rȂ,ړȂ
2016/11/28 18:31:06.445,,,rȂ,ړȂ
2016/11/28 18:31:06.653,,,rȂ,ړȂ
2016/11/28 18:31:06.851,,,rȂ,ړȂ
2016/11/28 18:31:07.059,,,rȂ,ړȂ
2016/11/28 18:31:07.265,,,rȂ,ړȂ
2016/11/28 18:31:07.468,,,rȂ,ړȂ
2016/11/28 18:31:07.665,,,rȂ,ړȂ
2016/11/28 18:31:07.867,,,rȂ,ړȂ
2016/11/28 18:31:08.077,,,rȂ,ړȂ
2016/11/28 18:31:08.278,,,rȂ,ړȂ
2016/11/28 18:31:08.481,,,rȂ,ړȂ
2016/11/28 18:31:08.679,,,rȂ,ړȂ
2016/11/28 18:31:08.882,,,rȂ,ړȂ
2016/11/28 18:31:09.089,,,rȂ,ړȂ
2016/11/28 18:31:09.295,,,rȂ,ړȂ
2016/11/28 18:31:09.498,,,rȂ,ړȂ
2016/11/28 18:31:09.703,,,rȂ,ړȂ
2016/11/28 18:31:09.898,,,rȂ,ړȂ
2016/11/28 18:31:10.106,,,rȂ,ړȂ
2016/11/28 18:31:10.311,,,rȂ,ړȂ
2016/11/28 18:31:10.511,,,rȂ,ړȂ
2016/11/28 18:31:10.720,,,rȂ,ړȂ
2016/11/28 18:31:10.920,,,rȂ,ړȂ
2016/11/28 18:31:11.125,,,rȂ,ړȂ
2016/11/28 18:31:11.320,,,rȂ,ړȂ
2016/11/28 18:31:11.529,,,rȂ,ړȂ
2016/11/28 18:31:11.734,,,rȂ,ړȂ
2016/11/28 18:31:11.933,,,rȂ,ړȂ
2016/11/28 18:31:12.142,,,rȂ,ړȂ
2016/11/28 18:31:12.343,,,rȂ,ړȂ
2016/11/28 18:31:12.549,,,rȂ,ړȂ
2016/11/28 18:31:12.752,,,rȂ,ړȂ
2016/11/28 18:31:12.951,,,rȂ,ړȂ
2016/11/28 18:31:13.155,,,rȂ,ړȂ
2016/11/28 18:31:13.355,,,rȂ,ړȂ
2016/11/28 18:31:13.560,,,rȂ,ړȂ
2016/11/28 18:31:13.766,,,rȂ,ړȂ
2016/11/28 18:31:13.970,,,rȂ,ړȂ
2016/11/28 18:31:14.173,,,rȂ,ړȂ
2016/11/28 18:31:14.375,,,rȂ,ړȂ
2016/11/28 18:31:14.578,,,rȂ,ړȂ
2016/11/28 18:31:14.776,,,rȂ,ړȂ
2016/11/28 18:31:14.980,,,rȂ,ړȂ
2016/11/28 18:31:15.186,,,rȂ,ړȂ
2016/11/28 18:31:15.388,,,rȂ,ړȂ
2016/11/28 18:31:15.592,,,rȂ,ړȂ
2016/11/28 18:31:15.796,,,rȂ,ړȂ
2016/11/28 18:31:15.998,,,rȂ,ړȂ
2016/11/28 18:31:16.196,,,rȂ,ړȂ
2016/11/28 18:31:16.406,,,rȂ,ړȂ
2016/11/28 18:31:16.602,,,rȂ,ړȂ
2016/11/28 18:31:16.813,,,rȂ,ړȂ
2016/11/28 18:31:17.013,,ړ,rȂ,ړ
2016/11/28 18:31:17.213,,ړ,rȂ,ړ
2016/11/28 18:31:17.422,,ړ,rȂ,ړ
2016/11/28 18:31:17.622,,ړ,rȂ,ړ
2016/11/28 18:31:17.830,,ړ,rȂ,ړ
2016/11/28 18:31:18.031,,ړ,rȂ,ړ
2016/11/28 18:31:18.234,,ړ,rȂ,ړ
2016/11/28 18:31:18.436,,ړ,rȂ,ړ
2016/11/28 18:31:18.639,,ړ,rȂ,ړ
2016/11/28 18:31:18.843,,ړ,rȂ,ړ
2016/11/28 18:31:19.046,,ړ,rȂ,ړ
2016/11/28 18:31:19.252,,ړ,rȂ,ړ
2016/11/28 18:31:19.449,,ړ,rȂ,ړ
2016/11/28 18:31:19.648,,ړ,rȂ,ړ
2016/11/28 18:31:19.857,,ړ,rȂ,ړ
2016/11/28 18:31:20.055,,ړ,rȂ,ړ
2016/11/28 18:31:20.267,,ړ,rȂ,ړ
2016/11/28 18:31:20.466,,ړ,rȂ,ړ
2016/11/28 18:31:20.673,,ړ,rȂ,ړ
2016/11/28 18:31:20.873,,ړ,rȂ,ړ
2016/11/28 18:31:21.070,,ړ,rȂ,ړ
2016/11/28 18:31:21.279,,ړ,rȂ,ړ
2016/11/28 18:31:21.482,,ړ,rȂ,ړ
2016/11/28 18:31:21.685,,ړ,rȂ,ړ
2016/11/28 18:31:21.886,,ړ,rȂ,ړ
2016/11/28 18:31:22.093,,ړ,rȂ,ړ
2016/11/28 18:31:22.296,,ړ,rȂ,ړ
2016/11/28 18:31:22.498,,ړ,rȂ,ړ
2016/11/28 18:31:22.703,,ړ,rȂ,ړ
2016/11/28 18:31:22.899,,ړ,rȂ,ړ
2016/11/28 18:31:23.110,,ړ,rȂ,ړ
2016/11/28 18:31:23.309,,ړ,rȂ,ړ
2016/11/28 18:31:23.519,,ړ,rȂ,ړ
2016/11/28 18:31:23.710,,ړ,rȂ,ړ
2016/11/28 18:31:23.923,,ړ,rȂ,ړ
2016/11/28 18:31:24.128,,ړ,rȂ,ړ
2016/11/28 18:31:24.322,,ړ,rȂ,ړ
2016/11/28 18:31:24.528,,ړ,rȂ,ړ
2016/11/28 18:31:24.727,,ړ,rȂ,ړ
2016/11/28 18:31:24.935,,ړ,rȂ,ړ
2016/11/28 18:31:25.140,,ړ,rȂ,ړ
2016/11/28 18:31:25.342,,ړ,rȂ,ړ
2016/11/28 18:31:25.548,,ړ,rȂ,ړ
2016/11/28 18:31:25.750,,ړ,rȂ,ړ
2016/11/28 18:31:25.950,,ړ,rȂ,ړ
2016/11/28 18:31:26.150,,ړ,rȂ,ړ
2016/11/28 18:31:26.358,,ړ,rȂ,ړ
2016/11/28 18:31:26.562,,ړ,rȂ,ړ
2016/11/28 18:31:26.758,,ړ,rȂ,ړ
2016/11/28 18:31:26.960,,ړ,rȂ,ړ
2016/11/28 18:31:27.169,,ړ,rȂ,ړ
2016/11/28 18:31:27.368,,ړ,rȂ,ړ
2016/11/28 18:31:27.572,,ړ,rȂ,ړ
2016/11/28 18:31:27.818,,,rȂ,ړȂ
2016/11/28 18:31:27.983,,,rȂ,ړȂ
2016/11/28 18:31:28.181,,,rȂ,ړȂ
2016/11/28 18:31:28.392,,,rȂ,ړȂ
2016/11/28 18:31:28.595,,,rȂ,ړȂ
2016/11/28 18:31:28.788,,,rȂ,ړȂ
2016/11/28 18:31:28.993,,,rȂ,ړȂ
2016/11/28 18:31:29.196,,,rȂ,ړȂ
2016/11/28 18:31:29.407,,,rȂ,ړȂ
2016/11/28 18:31:29.610,,,rȂ,ړȂ
2016/11/28 18:31:29.809,,,rȂ,ړȂ
2016/11/28 18:31:30.016,,,rȂ,ړȂ
2016/11/28 18:31:30.219,,,rȂ,ړȂ
2016/11/28 18:31:30.419,,,rȂ,ړȂ
2016/11/28 18:31:30.616,,,rȂ,ړȂ
